{"__symbolic":"module","version":4,"exports":[],"metadata":{"ɵangular_packages_core_core_a":{"__symbolic":"function","parameters":["fn"],"value":{"__symbolic":"binop","operator":"&&","left":{"__symbolic":"binop","operator":"&&","left":{"__symbolic":"binop","operator":"===","left":{"__symbolic":"error","message":"Expression form not supported","line":68,"character":9,"module":"./core"},"right":"function"},"right":{"__symbolic":"call","expression":{"__symbolic":"select","expression":{"__symbolic":"reference","name":"fn"},"member":"hasOwnProperty"},"arguments":[{"__symbolic":"call","expression":{"__symbolic":"reference","name":"ɵangular_packages_core_core_bn"},"arguments":[{"__forward_ref__":{"__symbolic":"reference","name":"ɵangular_packages_core_core_bn"}}]}]}},"right":{"__symbolic":"binop","operator":"===","left":{"__symbolic":"select","expression":{"__symbolic":"reference","name":"fn"},"member":"__forward_ref__"},"right":{"__symbolic":"reference","name":"forwardRef"}}}},"ɵangular_packages_core_core_b":{"__symbolic":"function"},"ɵangular_packages_core_core_c":{"__symbolic":"class","members":{"get":[{"__symbolic":"method"}]}},"ɵangular_packages_core_core_d":{"__symbolic":"class","members":{"__ctor__":[{"__symbolic":"constructor","parameters":[{"__symbolic":"reference","name":"Array","arguments":[{"__symbolic":"reference","name":"ResolvedReflectiveProvider"}]},{"__symbolic":"reference","name":"Injector"}]}],"get":[{"__symbolic":"method"}],"resolveAndCreateChild":[{"__symbolic":"method"}],"createChildFromResolved":[{"__symbolic":"method"}],"resolveAndInstantiate":[{"__symbolic":"method"}],"instantiateResolved":[{"__symbolic":"method"}],"getProviderAtIndex":[{"__symbolic":"method"}],"_new":[{"__symbolic":"method"}],"_getMaxNumberOfObjects":[{"__symbolic":"method"}],"_instantiateProvider":[{"__symbolic":"method"}],"_instantiate":[{"__symbolic":"method"}],"_getByReflectiveDependency":[{"__symbolic":"method"}],"_getByKey":[{"__symbolic":"method"}],"_getObjByKeyId":[{"__symbolic":"method"}],"_throwOrNull":[{"__symbolic":"method"}],"_getByKeySelf":[{"__symbolic":"method"}],"_getByKeyDefault":[{"__symbolic":"method"}],"toString":[{"__symbolic":"method"}]},"statics":{"INJECTOR_KEY":{"__symbolic":"call","expression":{"__symbolic":"select","expression":{"__symbolic":"reference","name":"ReflectiveKey"},"member":"get"},"arguments":[{"__symbolic":"reference","name":"Injector"}]}}},"ɵangular_packages_core_core_e":{"__symbolic":"class","members":{"__ctor__":[{"__symbolic":"constructor","parameters":[{"__symbolic":"reference","name":"ReflectiveKey"},{"__symbolic":"reference","name":"boolean"},{"__symbolic":"reference","name":"Self"}]}]},"statics":{"fromKey":{"__symbolic":"function","parameters":["key"],"value":{"__symbolic":"new","expression":{"__symbolic":"reference","name":"ɵangular_packages_core_core_e"},"arguments":[{"__symbolic":"reference","name":"key"},false,null]}}}},"ɵangular_packages_core_core_f":{"__symbolic":"function"},"ɵangular_packages_core_core_g":{"__symbolic":"function","parameters":[],"value":{"__symbolic":"error","message":"Reference to a non-exported function","line":38,"character":9,"context":{"name":"_randomChar"},"module":"./core"}},"ɵangular_packages_core_core_h":{"__symbolic":"function"},"ɵangular_packages_core_core_i":{"__symbolic":"function"},"ɵangular_packages_core_core_j":{"__symbolic":"function"},"ɵangular_packages_core_core_k":{"__symbolic":"class","members":{"__ctor__":[{"__symbolic":"constructor","parameters":[{"__symbolic":"reference","name":"any"},{"__symbolic":"reference","name":"any"},{"__symbolic":"reference","name":"ɵangular_packages_core_core_w"}]}]}},"ɵangular_packages_core_core_l":{"__symbolic":"class","extends":{"__symbolic":"reference","name":"ɵangular_packages_core_core_k"},"members":{"__ctor__":[{"__symbolic":"constructor","parameters":[{"__symbolic":"reference","name":"any"},{"__symbolic":"reference","name":"any"},{"__symbolic":"reference","name":"ɵangular_packages_core_core_w"}]}],"addChild":[{"__symbolic":"method"}],"removeChild":[{"__symbolic":"method"}],"insertChildrenAfter":[{"__symbolic":"method"}],"insertBefore":[{"__symbolic":"method"}],"query":[{"__symbolic":"method"}],"queryAll":[{"__symbolic":"method"}],"queryAllNodes":[{"__symbolic":"method"}],"triggerEventHandler":[{"__symbolic":"method"}]}},"ɵangular_packages_core_core_m":{"__symbolic":"function","parameters":["nativeNode"],"value":{"__symbolic":"error","message":"Reference to a non-exported function","line":720,"character":9,"context":{"name":"getDebugNode__PRE_R3__"},"module":"./core"}},"ɵangular_packages_core_core_n":{"__symbolic":"class","members":{"__ctor__":[{"__symbolic":"constructor"}],"supports":[{"__symbolic":"method"}],"create":[{"__symbolic":"method"}]}},"ɵangular_packages_core_core_o":{"__symbolic":"class","arity":2,"members":{"__ctor__":[{"__symbolic":"constructor"}],"supports":[{"__symbolic":"method"}],"create":[{"__symbolic":"method"}]}},"ɵangular_packages_core_core_p":{"__symbolic":"function","parameters":[],"value":{"__symbolic":"reference","name":"ɵdefaultIterableDiffers"}},"ɵangular_packages_core_core_q":{"__symbolic":"function","parameters":[],"value":{"__symbolic":"reference","name":"ɵdefaultKeyValueDiffers"}},"ɵangular_packages_core_core_r":{"__symbolic":"function"},"ɵangular_packages_core_core_s":[{"provide":{"__symbolic":"reference","name":"ApplicationRef"},"useClass":{"__symbolic":"reference","name":"ApplicationRef"},"deps":[{"__symbolic":"reference","name":"NgZone"},{"__symbolic":"reference","name":"ɵConsole"},{"__symbolic":"reference","name":"Injector"},{"__symbolic":"reference","name":"ErrorHandler"},{"__symbolic":"reference","name":"ComponentFactoryResolver"},{"__symbolic":"reference","name":"ApplicationInitStatus"}]},{"provide":{"__symbolic":"reference","name":"ɵangular_packages_core_core_x"},"deps":[{"__symbolic":"reference","name":"NgZone"}],"useFactory":{"__symbolic":"reference","name":"ɵangular_packages_core_core_t"}},{"provide":{"__symbolic":"reference","name":"ApplicationInitStatus"},"useClass":{"__symbolic":"reference","name":"ApplicationInitStatus"},"deps":[[{"__symbolic":"new","expression":{"__symbolic":"reference","name":"Optional"}},{"__symbolic":"reference","name":"APP_INITIALIZER"}]]},{"provide":{"__symbolic":"reference","name":"Compiler"},"useClass":{"__symbolic":"reference","name":"Compiler"},"deps":[]},{"__symbolic":"reference","name":"ɵAPP_ID_RANDOM_PROVIDER"},{"provide":{"__symbolic":"reference","name":"IterableDiffers"},"useFactory":{"__symbolic":"reference","name":"ɵangular_packages_core_core_p"},"deps":[]},{"provide":{"__symbolic":"reference","name":"KeyValueDiffers"},"useFactory":{"__symbolic":"reference","name":"ɵangular_packages_core_core_q"},"deps":[]},{"provide":{"__symbolic":"reference","name":"LOCALE_ID"},"useFactory":{"__symbolic":"reference","name":"ɵangular_packages_core_core_r"},"deps":[[{"__symbolic":"new","expression":{"__symbolic":"reference","name":"Inject"},"arguments":[{"__symbolic":"reference","name":"LOCALE_ID"}]},{"__symbolic":"new","expression":{"__symbolic":"reference","name":"Optional"}},{"__symbolic":"new","expression":{"__symbolic":"reference","name":"SkipSelf"}}]]},{"provide":{"__symbolic":"reference","name":"DEFAULT_CURRENCY_CODE"},"useValue":{"__symbolic":"reference","name":"ɵangular_packages_core_core_u"}}],"ɵangular_packages_core_core_t":{"__symbolic":"function"},"ɵangular_packages_core_core_u":"USD","ɵangular_packages_core_core_v":{"__symbolic":"function"},"ɵangular_packages_core_core_w":{"__symbolic":"class","members":{"logError":[{"__symbolic":"method"}]}},"ɵangular_packages_core_core_x":{"__symbolic":"new","expression":{"__symbolic":"reference","name":"InjectionToken"},"arguments":["SCHEDULER_TOKEN",{"__symbolic":"error","message":"Lambda not supported","line":79,"character":11,"module":"./core"}]},"ɵangular_packages_core_core_y":{"__symbolic":"function"},"ɵangular_packages_core_core_z":{"__symbolic":"error","message":"Reference to a non-exported function","line":446,"character":9,"context":{"name":"createLFrame"},"module":"./core"},"ɵangular_packages_core_core_ba":{"__symbolic":"function","parameters":[],"value":{"__symbolic":"select","expression":{"__symbolic":"select","expression":{"__symbolic":"reference","name":"ɵangular_packages_core_core_z"},"member":"lFrame"},"member":"lView"}},"ɵangular_packages_core_core_bb":{"__symbolic":"function","parameters":[],"value":{"__symbolic":"select","expression":{"__symbolic":"select","expression":{"__symbolic":"reference","name":"ɵangular_packages_core_core_z"},"member":"lFrame"},"member":"previousOrParentTNode"}},"ɵangular_packages_core_core_bc":{"__symbolic":"function"},"ɵangular_packages_core_core_bd":{"__symbolic":"function"},"ɵangular_packages_core_core_be":{"__symbolic":"interface"},"ɵangular_packages_core_core_bf":{"__symbolic":"function"},"ɵangular_packages_core_core_bg":{"__symbolic":"function"},"ɵangular_packages_core_core_bh":{"__symbolic":"function"},"ɵangular_packages_core_core_bi":{"__symbolic":"function"},"ɵangular_packages_core_core_bj":{"__symbolic":"function"},"ɵangular_packages_core_core_bk":{"__symbolic":"function"},"Attribute":{"__symbolic":"call","expression":{"__symbolic":"reference","name":"ɵangular_packages_core_core_bl"},"arguments":["Attribute",{"__symbolic":"error","message":"Lambda not supported","line":286,"character":36,"module":"./core"}]},"ANALYZE_FOR_ENTRY_COMPONENTS":{"__symbolic":"new","expression":{"__symbolic":"reference","name":"InjectionToken"},"arguments":["AnalyzeForEntryComponents"]},"ContentChild":{"__symbolic":"call","expression":{"__symbolic":"reference","name":"ɵangular_packages_core_core_bm"},"arguments":["ContentChild",{"__symbolic":"error","message":"Lambda not supported","line":241,"character":4,"module":"./core"},{"__symbolic":"reference","name":"Query"}]},"ContentChildDecorator":{"__symbolic":"interface"},"ContentChildren":{"__symbolic":"call","expression":{"__symbolic":"reference","name":"ɵangular_packages_core_core_bm"},"arguments":["ContentChildren",{"__symbolic":"error","message":"Lambda not supported","line":181,"character":4,"module":"./core"},{"__symbolic":"reference","name":"Query"}]},"ContentChildrenDecorator":{"__symbolic":"interface"},"Query":{"__symbolic":"class","members":{}},"ViewChild":{"__symbolic":"call","expression":{"__symbolic":"reference","name":"ɵangular_packages_core_core_bm"},"arguments":["ViewChild",{"__symbolic":"error","message":"Lambda not supported","line":364,"character":4,"module":"./core"},{"__symbolic":"reference","name":"Query"}]},"ViewChildDecorator":{"__symbolic":"interface"},"ViewChildren":{"__symbolic":"call","expression":{"__symbolic":"reference","name":"ɵangular_packages_core_core_bm"},"arguments":["ViewChildren",{"__symbolic":"error","message":"Lambda not supported","line":296,"character":4,"module":"./core"},{"__symbolic":"reference","name":"Query"}]},"ViewChildrenDecorator":{"__symbolic":"interface"},"Component":{"__symbolic":"call","expression":{"__symbolic":"reference","name":"ɵmakeDecorator"},"arguments":["Component",{"__symbolic":"error","message":"Lambda not supported","line":564,"character":17,"module":"./core"},{"__symbolic":"reference","name":"any"},{"__symbolic":"reference","name":"undefined"},{"__symbolic":"error","message":"Lambda not supported","line":566,"character":4,"module":"./core"}]},"ComponentDecorator":{"__symbolic":"interface"},"Directive":{"__symbolic":"call","expression":{"__symbolic":"reference","name":"ɵmakeDecorator"},"arguments":["Directive",{"__symbolic":"error","message":"Lambda not supported","line":298,"character":17,"module":"./core"},{"__symbolic":"reference","name":"undefined"},{"__symbolic":"reference","name":"undefined"},{"__symbolic":"error","message":"Lambda not supported","line":299,"character":4,"module":"./core"}]},"DirectiveDecorator":{"__symbolic":"interface"},"HostBinding":{"__symbolic":"call","expression":{"__symbolic":"reference","name":"ɵangular_packages_core_core_bm"},"arguments":["HostBinding",{"__symbolic":"error","message":"Lambda not supported","line":813,"character":37,"module":"./core"}]},"HostBindingDecorator":{"__symbolic":"interface"},"HostListener":{"__symbolic":"call","expression":{"__symbolic":"reference","name":"ɵangular_packages_core_core_bm"},"arguments":["HostListener",{"__symbolic":"error","message":"Lambda not supported","line":903,"character":38,"module":"./core"}]},"HostListenerDecorator":{"__symbolic":"interface"},"Input":{"__symbolic":"call","expression":{"__symbolic":"reference","name":"ɵangular_packages_core_core_bm"},"arguments":["Input",{"__symbolic":"error","message":"Lambda not supported","line":708,"character":31,"module":"./core"}]},"InputDecorator":{"__symbolic":"interface"},"Output":{"__symbolic":"call","expression":{"__symbolic":"reference","name":"ɵangular_packages_core_core_bm"},"arguments":["Output",{"__symbolic":"error","message":"Lambda not supported","line":753,"character":32,"module":"./core"}]},"OutputDecorator":{"__symbolic":"interface"},"Pipe":{"__symbolic":"call","expression":{"__symbolic":"reference","name":"ɵmakeDecorator"},"arguments":["Pipe",{"__symbolic":"error","message":"Lambda not supported","line":634,"character":12,"module":"./core"},{"__symbolic":"reference","name":"undefined"},{"__symbolic":"reference","name":"undefined"},{"__symbolic":"error","message":"Lambda not supported","line":635,"character":4,"module":"./core"}]},"PipeDecorator":{"__symbolic":"interface"},"DoBootstrap":{"__symbolic":"interface"},"ModuleWithProviders":{"__symbolic":"interface"},"NgModule":{"__symbolic":"call","expression":{"__symbolic":"reference","name":"ɵmakeDecorator"},"arguments":["NgModule",{"__symbolic":"error","message":"Lambda not supported","line":313,"character":16,"module":"./core"},{"__symbolic":"reference","name":"undefined"},{"__symbolic":"reference","name":"undefined"},{"__symbolic":"error","message":"Lambda not supported","line":325,"character":4,"module":"./core"}]},"NgModuleDecorator":{"__symbolic":"interface"},"CUSTOM_ELEMENTS_SCHEMA":{"name":"custom-elements"},"NO_ERRORS_SCHEMA":{"name":"no-errors-schema"},"SchemaMetadata":{"__symbolic":"interface"},"ViewEncapsulation":{"Emulated":0,"Native":1,"None":2,"ShadowDom":3},"Version":{"__symbolic":"class","members":{"__ctor__":[{"__symbolic":"constructor","parameters":[{"__symbolic":"reference","name":"string"}]}]}},"VERSION":{"__symbolic":"new","expression":{"__symbolic":"reference","name":"Version"},"arguments":["9.1.11"]},"InjectDecorator":{"__symbolic":"interface"},"Inject":{"__symbolic":"call","expression":{"__symbolic":"reference","name":"ɵangular_packages_core_core_bl"},"arguments":["Inject",{"__symbolic":"error","message":"Lambda not supported","line":56,"character":68,"module":"./core"}]},"OptionalDecorator":{"__symbolic":"interface"},"Optional":{"__symbolic":"call","expression":{"__symbolic":"reference","name":"ɵangular_packages_core_core_bl"},"arguments":["Optional"]},"SelfDecorator":{"__symbolic":"interface"},"Self":{"__symbolic":"call","expression":{"__symbolic":"reference","name":"ɵangular_packages_core_core_bl"},"arguments":["Self"]},"SkipSelfDecorator":{"__symbolic":"interface"},"SkipSelf":{"__symbolic":"call","expression":{"__symbolic":"reference","name":"ɵangular_packages_core_core_bl"},"arguments":["SkipSelf"]},"HostDecorator":{"__symbolic":"interface"},"Host":{"__symbolic":"call","expression":{"__symbolic":"reference","name":"ɵangular_packages_core_core_bl"},"arguments":["Host"]},"AttributeDecorator":{"__symbolic":"interface"},"forwardRef":{"__symbolic":"function"},"resolveForwardRef":{"__symbolic":"function","parameters":["type"],"value":{"__symbolic":"if","condition":{"__symbolic":"call","expression":{"__symbolic":"reference","name":"ɵangular_packages_core_core_a"},"arguments":[{"__symbolic":"reference","name":"type"}]},"thenExpression":{"__symbolic":"call","expression":{"__symbolic":"reference","name":"type"}},"elseExpression":{"__symbolic":"reference","name":"type"}}},"ForwardRefFn":{"__symbolic":"interface"},"Injectable":{"__symbolic":"call","expression":{"__symbolic":"reference","name":"ɵmakeDecorator"},"arguments":["Injectable",{"__symbolic":"reference","name":"undefined"},{"__symbolic":"reference","name":"undefined"},{"__symbolic":"reference","name":"undefined"},{"__symbolic":"error","message":"Lambda not supported","line":87,"character":4,"module":"./core"}]},"InjectableDecorator":{"__symbolic":"interface"},"InjectableProvider":{"__symbolic":"interface"},"Injector":{"__symbolic":"class","members":{"get":[{"__symbolic":"method"},{"__symbolic":"method"}]},"statics":{"THROW_IF_NOT_FOUND":{"__symbolic":"reference","module":"./core","name":"THROW_IF_NOT_FOUND","line":58,"character":30},"NULL":{"__symbolic":"new","expression":{"__symbolic":"reference","name":"ɵangular_packages_core_core_c"}},"ɵprov":{"__symbolic":"call","expression":{"__symbolic":"reference","name":"ɵɵdefineInjectable"},"arguments":[{"__symbolic":"error","message":"Lambda not supported","line":108,"character":13,"module":"./core"}]},"__NG_ELEMENT_ID__":-1}},"ɵɵinject":{"__symbolic":"function","parameters":["token","flags"],"defaults":[null,{"__symbolic":"select","expression":{"__symbolic":"reference","name":"InjectFlags"},"member":"Default"}],"value":{"__symbolic":"call","expression":{"__symbolic":"binop","operator":"||","left":{"__symbolic":"error","message":"Reference to a local symbol","line":72,"character":4,"context":{"name":"_injectImplementation"},"module":"./core"},"right":{"__symbolic":"reference","name":"ɵangular_packages_core_core_b"}},"arguments":[{"__symbolic":"call","expression":{"__symbolic":"reference","name":"resolveForwardRef"},"arguments":[{"__symbolic":"reference","name":"token"}]},{"__symbolic":"reference","name":"flags"}]}},"inject":{"__symbolic":"reference","name":"ɵɵinject"},"INJECTOR":{"__symbolic":"new","expression":{"__symbolic":"reference","name":"InjectionToken"},"arguments":["INJECTOR",-1]},"ɵɵinvalidFactoryDep":{"__symbolic":"function"},"ReflectiveInjector":{"__symbolic":"class","members":{"resolveAndCreateChild":[{"__symbolic":"method"}],"createChildFromResolved":[{"__symbolic":"method"}],"resolveAndInstantiate":[{"__symbolic":"method"}],"instantiateResolved":[{"__symbolic":"method"}],"get":[{"__symbolic":"method"}]},"statics":{"resolve":{"__symbolic":"function","parameters":["providers"],"value":{"__symbolic":"call","expression":{"__symbolic":"reference","name":"ɵangular_packages_core_core_f"},"arguments":[{"__symbolic":"reference","name":"providers"}]}},"fromResolvedProviders":{"__symbolic":"function","parameters":["providers","parent"],"value":{"__symbolic":"new","expression":{"__symbolic":"reference","name":"ɵangular_packages_core_core_d"},"arguments":[{"__symbolic":"reference","name":"providers"},{"__symbolic":"reference","name":"parent"}]}}}},"ResolvedReflectiveFactory":{"__symbolic":"class","members":{"__ctor__":[{"__symbolic":"constructor","parameters":[{"__symbolic":"reference","name":"Function"},{"__symbolic":"reference","name":"Array","arguments":[{"__symbolic":"reference","name":"ɵangular_packages_core_core_e"}]}]}]}},"ResolvedReflectiveProvider":{"__symbolic":"interface"},"ReflectiveKey":{"__symbolic":"class","members":{"__ctor__":[{"__symbolic":"constructor","parameters":[{"__symbolic":"reference","name":"Object"},{"__symbolic":"reference","name":"number"}]}]},"statics":{"get":{"__symbolic":"function","parameters":["token"],"value":{"__symbolic":"call","expression":{"__symbolic":"select","expression":{"__symbolic":"reference","name":"_globalKeyRegistry"},"member":"get"},"arguments":[{"__symbolic":"call","expression":{"__symbolic":"reference","name":"resolveForwardRef"},"arguments":[{"__symbolic":"reference","name":"token"}]}]}},"numberOfKeys":{"__symbolic":"error","message":"Variable not initialized","line":52,"character":13}}},"InjectionToken":{"__symbolic":"class","arity":1,"members":{"__ctor__":[{"__symbolic":"constructor","parameters":[{"__symbolic":"reference","name":"string"},{"__symbolic":"error","message":"Expression form not supported","line":58,"character":49,"module":"./core"}]}],"toString":[{"__symbolic":"method"}]}},"createPlatform":{"__symbolic":"function"},"assertPlatform":{"__symbolic":"function"},"destroyPlatform":{"__symbolic":"function"},"getPlatform":{"__symbolic":"function","parameters":[],"value":{"__symbolic":"if","condition":{"__symbolic":"binop","operator":"&&","left":{"__symbolic":"error","message":"Reference to a local symbol","line":43,"character":4,"context":{"name":"_platform"},"module":"./core"},"right":{"__symbolic":"pre","operator":"!","operand":{"__symbolic":"error","message":"Reference to a local symbol","line":43,"character":4,"context":{"name":"_platform"},"module":"./core"}}},"thenExpression":{"__symbolic":"error","message":"Reference to a local symbol","line":43,"character":4,"context":{"name":"_platform"},"module":"./core"},"elseExpression":null}},"PlatformRef":{"__symbolic":"class","decorators":[{"__symbolic":"call","expression":{"__symbolic":"reference","name":"Injectable"}}],"members":{"__ctor__":[{"__symbolic":"constructor","parameters":[{"__symbolic":"reference","name":"Injector"}]}],"bootstrapModuleFactory":[{"__symbolic":"method"}],"bootstrapModule":[{"__symbolic":"method"}],"_moduleDoBootstrap":[{"__symbolic":"method"}],"onDestroy":[{"__symbolic":"method"}],"destroy":[{"__symbolic":"method"}]}},"ApplicationRef":{"__symbolic":"class","decorators":[{"__symbolic":"call","expression":{"__symbolic":"reference","name":"Injectable"}}],"members":{"__ctor__":[{"__symbolic":"constructor","parameters":[{"__symbolic":"reference","name":"NgZone"},{"__symbolic":"reference","name":"ɵConsole"},{"__symbolic":"reference","name":"Injector"},{"__symbolic":"reference","name":"ErrorHandler"},{"__symbolic":"reference","name":"ComponentFactoryResolver"},{"__symbolic":"reference","name":"ApplicationInitStatus"}]}],"bootstrap":[{"__symbolic":"method"}],"tick":[{"__symbolic":"method"}],"attachView":[{"__symbolic":"method"}],"detachView":[{"__symbolic":"method"}],"_loadComponent":[{"__symbolic":"method"}],"_unloadComponent":[{"__symbolic":"method"}],"ngOnDestroy":[{"__symbolic":"method"}]}},"createPlatformFactory":{"__symbolic":"function"},"NgProbeToken":{"__symbolic":"class","members":{"__ctor__":[{"__symbolic":"constructor","parameters":[{"__symbolic":"reference","name":"string"},{"__symbolic":"reference","name":"any"}]}]}},"APP_ID":{"__symbolic":"new","expression":{"__symbolic":"reference","name":"InjectionToken"},"arguments":["AppId"]},"PACKAGE_ROOT_URL":{"__symbolic":"new","expression":{"__symbolic":"reference","name":"InjectionToken"},"arguments":["Application Packages Root URL"]},"PLATFORM_INITIALIZER":{"__symbolic":"new","expression":{"__symbolic":"reference","name":"InjectionToken"},"arguments":["Platform Initializer"]},"PLATFORM_ID":{"__symbolic":"new","expression":{"__symbolic":"reference","name":"InjectionToken"},"arguments":["Platform ID"]},"APP_BOOTSTRAP_LISTENER":{"__symbolic":"new","expression":{"__symbolic":"reference","name":"InjectionToken"},"arguments":["appBootstrapListener"]},"APP_INITIALIZER":{"__symbolic":"new","expression":{"__symbolic":"reference","name":"InjectionToken"},"arguments":["Application Initializer"]},"ApplicationInitStatus":{"__symbolic":"class","decorators":[{"__symbolic":"call","expression":{"__symbolic":"reference","name":"Injectable"}}],"members":{"__ctor__":[{"__symbolic":"constructor","parameterDecorators":[[{"__symbolic":"call","expression":{"__symbolic":"reference","name":"Inject"},"arguments":[{"__symbolic":"reference","name":"APP_INITIALIZER"}]},{"__symbolic":"call","expression":{"__symbolic":"reference","name":"Optional"}}]],"parameters":[{"__symbolic":"reference","name":"Array","arguments":[{"__symbolic":"error","message":"Expression form not supported","line":43,"character":69,"module":"./core"}]}]}],"runInitializers":[{"__symbolic":"method"}]}},"NgZone":{"__symbolic":"class","members":{"__ctor__":[{"__symbolic":"constructor","parameters":[null]}],"run":[{"__symbolic":"method"}],"runTask":[{"__symbolic":"method"}],"runGuarded":[{"__symbolic":"method"}],"runOutsideAngular":[{"__symbolic":"method"}]},"statics":{"isInAngularZone":{"__symbolic":"function","parameters":[],"value":{"__symbolic":"binop","operator":"===","left":{"__symbolic":"call","expression":{"__symbolic":"select","expression":{"__symbolic":"select","expression":{"__symbolic":"reference","name":"Zone"},"member":"current"},"member":"get"},"arguments":["isAngularZone"]},"right":true}}}},"ɵNoopNgZone":{"__symbolic":"class","members":{"run":[{"__symbolic":"method"}],"runGuarded":[{"__symbolic":"method"}],"runOutsideAngular":[{"__symbolic":"method"}],"runTask":[{"__symbolic":"method"}]}},"Renderer2":{"__symbolic":"class","members":{"destroy":[{"__symbolic":"method"}],"createElement":[{"__symbolic":"method"}],"createComment":[{"__symbolic":"method"}],"createText":[{"__symbolic":"method"}],"appendChild":[{"__symbolic":"method"}],"insertBefore":[{"__symbolic":"method"}],"removeChild":[{"__symbolic":"method"}],"selectRootElement":[{"__symbolic":"method"}],"parentNode":[{"__symbolic":"method"}],"nextSibling":[{"__symbolic":"method"}],"setAttribute":[{"__symbolic":"method"}],"removeAttribute":[{"__symbolic":"method"}],"addClass":[{"__symbolic":"method"}],"removeClass":[{"__symbolic":"method"}],"setStyle":[{"__symbolic":"method"}],"removeStyle":[{"__symbolic":"method"}],"setProperty":[{"__symbolic":"method"}],"setValue":[{"__symbolic":"method"}],"listen":[{"__symbolic":"method"}]},"statics":{"__NG_ELEMENT_ID__":{"__symbolic":"error","message":"Lambda not supported","line":279,"character":46}}},"RendererFactory2":{"__symbolic":"class","members":{"createRenderer":[{"__symbolic":"method"}],"begin":[{"__symbolic":"method"}],"end":[{"__symbolic":"method"}],"whenRenderingDone":[{"__symbolic":"method"}]}},"RendererStyleFlags2":{"Important":1,"DashCase":2},"RendererType2":{"__symbolic":"interface"},"Compiler":{"__symbolic":"class","decorators":[{"__symbolic":"call","expression":{"__symbolic":"reference","name":"Injectable"}}],"members":{"clearCache":[{"__symbolic":"method"}],"clearCacheFor":[{"__symbolic":"method"}],"getModuleId":[{"__symbolic":"method"}]}},"COMPILER_OPTIONS":{"__symbolic":"new","expression":{"__symbolic":"reference","name":"InjectionToken"},"arguments":["compilerOptions"]},"CompilerFactory":{"__symbolic":"class","members":{"createCompiler":[{"__symbolic":"method"}]}},"CompilerOptions":{"__symbolic":"interface"},"ModuleWithComponentFactories":{"__symbolic":"class","arity":1,"members":{"__ctor__":[{"__symbolic":"constructor","parameters":[{"__symbolic":"reference","name":"NgModuleFactory"},{"__symbolic":"reference","name":"Array","arguments":[{"__symbolic":"reference","name":"ɵComponentFactory"}]}]}]}},"ComponentFactory":{"__symbolic":"class","arity":1,"members":{"create":[{"__symbolic":"method"}]}},"ComponentRef":{"__symbolic":"class","arity":1,"members":{"destroy":[{"__symbolic":"method"}],"onDestroy":[{"__symbolic":"method"}]}},"ComponentFactoryResolver":{"__symbolic":"class","members":{"resolveComponentFactory":[{"__symbolic":"method"}]},"statics":{"NULL":{"__symbolic":"error","message":"Reference to non-exported class","line":29,"character":0,"context":{"className":"_NullComponentFactoryResolver"}}}},"ElementRef":{"__symbolic":"class","arity":1,"members":{"__ctor__":[{"__symbolic":"constructor","parameters":[{"__symbolic":"error","message":"Could not resolve type","line":50,"character":29,"context":{"typeName":"T"},"module":"./core"}]}]},"statics":{"__NG_ELEMENT_ID__":{"__symbolic":"error","message":"Lambda not supported","line":58,"character":47}}},"NgModuleFactory":{"__symbolic":"class","arity":1,"members":{"create":[{"__symbolic":"method"}]}},"NgModuleRef":{"__symbolic":"class","arity":1,"members":{"destroy":[{"__symbolic":"method"}],"onDestroy":[{"__symbolic":"method"}]}},"getModuleFactory":{"__symbolic":"reference","name":"ɵangular_packages_core_core_j"},"NgModuleFactoryLoader":{"__symbolic":"class","members":{"load":[{"__symbolic":"method"}]}},"QueryList":{"__symbolic":"class","arity":1,"members":{"__ctor__":[{"__symbolic":"constructor"}],"map":[{"__symbolic":"method"}],"filter":[{"__symbolic":"method"}],"find":[{"__symbolic":"method"}],"reduce":[{"__symbolic":"method"}],"forEach":[{"__symbolic":"method"}],"some":[{"__symbolic":"method"}],"toArray":[{"__symbolic":"method"}],"toString":[{"__symbolic":"method"}],"reset":[{"__symbolic":"method"}],"notifyOnChanges":[{"__symbolic":"method"}],"setDirty":[{"__symbolic":"method"}],"destroy":[{"__symbolic":"method"}]}},"SystemJsNgModuleLoader":{"__symbolic":"class","decorators":[{"__symbolic":"call","expression":{"__symbolic":"reference","name":"Injectable"}}],"members":{"__ctor__":[{"__symbolic":"constructor","parameterDecorators":[null,[{"__symbolic":"call","expression":{"__symbolic":"reference","name":"Optional"}}]],"parameters":[{"__symbolic":"reference","name":"Compiler"},{"__symbolic":"reference","name":"SystemJsNgModuleLoaderConfig"}]}],"load":[{"__symbolic":"method"}],"loadAndCompile":[{"__symbolic":"method"}],"loadFactory":[{"__symbolic":"method"}]}},"SystemJsNgModuleLoaderConfig":{"__symbolic":"class","members":{}},"TemplateRef":{"__symbolic":"class","arity":1,"members":{"createEmbeddedView":[{"__symbolic":"method"}]},"statics":{"__NG_ELEMENT_ID__":{"__symbolic":"error","message":"Lambda not supported","line":62,"character":37}}},"ViewContainerRef":{"__symbolic":"class","members":{"clear":[{"__symbolic":"method"}],"get":[{"__symbolic":"method"}],"createEmbeddedView":[{"__symbolic":"method"}],"createComponent":[{"__symbolic":"method"}],"insert":[{"__symbolic":"method"}],"move":[{"__symbolic":"method"}],"indexOf":[{"__symbolic":"method"}],"remove":[{"__symbolic":"method"}],"detach":[{"__symbolic":"method"}]},"statics":{"__NG_ELEMENT_ID__":{"__symbolic":"error","message":"Lambda not supported","line":151,"character":31}}},"EmbeddedViewRef":{"__symbolic":"class","arity":1,"extends":{"__symbolic":"reference","name":"ViewRef"},"members":{}},"ViewRef":{"__symbolic":"class","extends":{"__symbolic":"reference","name":"ChangeDetectorRef"},"members":{"destroy":[{"__symbolic":"method"}],"onDestroy":[{"__symbolic":"method"}]}},"DebugElement":{"__symbolic":"reference","name":"ɵangular_packages_core_core_l"},"DebugEventListener":{"__symbolic":"class","members":{"__ctor__":[{"__symbolic":"constructor","parameters":[{"__symbolic":"reference","name":"string"},{"__symbolic":"reference","name":"Function"}]}]}},"DebugNode":{"__symbolic":"reference","name":"ɵangular_packages_core_core_k"},"asNativeElements":{"__symbolic":"function","parameters":["debugEls"],"value":{"__symbolic":"call","expression":{"__symbolic":"select","expression":{"__symbolic":"reference","name":"debugEls"},"member":"map"},"arguments":[{"__symbolic":"error","message":"Lambda not supported","line":184,"character":22,"module":"./core"}]}},"getDebugNode":{"__symbolic":"error","message":"Reference to a non-exported function","line":720,"character":9,"context":{"name":"getDebugNode__PRE_R3__"},"module":"./core"},"Predicate":{"__symbolic":"interface"},"GetTestability":{"__symbolic":"interface"},"Testability":{"__symbolic":"class","decorators":[{"__symbolic":"call","expression":{"__symbolic":"reference","name":"Injectable"}}],"members":{"__ctor__":[{"__symbolic":"constructor","parameters":[{"__symbolic":"reference","name":"NgZone"}]}],"_watchAngularEvents":[{"__symbolic":"method"}],"increasePendingRequestCount":[{"__symbolic":"method"}],"decreasePendingRequestCount":[{"__symbolic":"method"}],"isStable":[{"__symbolic":"method"}],"_runCallbacksIfReady":[{"__symbolic":"method"}],"getPendingTasks":[{"__symbolic":"method"}],"addCallback":[{"__symbolic":"method"}],"whenStable":[{"__symbolic":"method"}],"getPendingRequestCount":[{"__symbolic":"method"}],"findProviders":[{"__symbolic":"method"}]}},"TestabilityRegistry":{"__symbolic":"class","decorators":[{"__symbolic":"call","expression":{"__symbolic":"reference","name":"Injectable"}}],"members":{"__ctor__":[{"__symbolic":"constructor"}],"registerApplication":[{"__symbolic":"method"}],"unregisterApplication":[{"__symbolic":"method"}],"unregisterAllApplications":[{"__symbolic":"method"}],"getTestability":[{"__symbolic":"method"}],"getAllTestabilities":[{"__symbolic":"method"}],"getAllRootElements":[{"__symbolic":"method"}],"findTestabilityInTree":[{"__symbolic":"method"}]}},"setTestabilityGetter":{"__symbolic":"function"},"ChangeDetectionStrategy":{"OnPush":0,"Default":1},"ChangeDetectorRef":{"__symbolic":"class","members":{"markForCheck":[{"__symbolic":"method"}],"detach":[{"__symbolic":"method"}],"detectChanges":[{"__symbolic":"method"}],"checkNoChanges":[{"__symbolic":"method"}],"reattach":[{"__symbolic":"method"}]},"statics":{"__NG_ELEMENT_ID__":{"__symbolic":"error","message":"Lambda not supported","line":113,"character":54}}},"CollectionChangeRecord":{"__symbolic":"interface"},"DefaultIterableDiffer":{"__symbolic":"class","arity":1,"members":{"__ctor__":[{"__symbolic":"constructor","parameters":[{"__symbolic":"reference","name":"TrackByFunction"}]}],"forEachItem":[{"__symbolic":"method"}],"forEachOperation":[{"__symbolic":"method"}],"forEachPreviousItem":[{"__symbolic":"method"}],"forEachAddedItem":[{"__symbolic":"method"}],"forEachMovedItem":[{"__symbolic":"method"}],"forEachRemovedItem":[{"__symbolic":"method"}],"forEachIdentityChange":[{"__symbolic":"method"}],"diff":[{"__symbolic":"method"}],"onDestroy":[{"__symbolic":"method"}],"check":[{"__symbolic":"method"}],"_reset":[{"__symbolic":"method"}],"_mismatch":[{"__symbolic":"method"}],"_verifyReinsertion":[{"__symbolic":"method"}],"_truncate":[{"__symbolic":"method"}],"_reinsertAfter":[{"__symbolic":"method"}],"_moveAfter":[{"__symbolic":"method"}],"_addAfter":[{"__symbolic":"method"}],"_insertAfter":[{"__symbolic":"method"}],"_remove":[{"__symbolic":"method"}],"_unlink":[{"__symbolic":"method"}],"_addToMoves":[{"__symbolic":"method"}],"_addToRemovals":[{"__symbolic":"method"}],"_addIdentityChange":[{"__symbolic":"method"}]}},"IterableChangeRecord":{"__symbolic":"interface"},"IterableChanges":{"__symbolic":"interface"},"IterableDiffer":{"__symbolic":"interface"},"IterableDifferFactory":{"__symbolic":"interface"},"IterableDiffers":{"__symbolic":"class","members":{"__ctor__":[{"__symbolic":"constructor","parameters":[{"__symbolic":"reference","name":"Array","arguments":[{"__symbolic":"reference","name":"any"}]}]}],"find":[{"__symbolic":"method"}]},"statics":{"ɵprov":{"__symbolic":"call","expression":{"__symbolic":"reference","name":"ɵɵdefineInjectable"},"arguments":[{"__symbolic":"error","message":"Lambda not supported","line":152,"character":13,"module":"./core"}]},"extend":{"__symbolic":"function","parameters":["factories"],"value":{"__symbolic":"error","message":"Lambda not supported","line":195,"character":18,"module":"./core"}}}},"KeyValueChangeRecord":{"__symbolic":"interface"},"KeyValueChanges":{"__symbolic":"interface"},"KeyValueDiffer":{"__symbolic":"interface"},"KeyValueDifferFactory":{"__symbolic":"interface"},"KeyValueDiffers":{"__symbolic":"class","members":{"__ctor__":[{"__symbolic":"constructor","parameters":[{"__symbolic":"reference","name":"Array","arguments":[{"__symbolic":"reference","name":"any"}]}]}],"find":[{"__symbolic":"method"}]},"statics":{"ɵprov":{"__symbolic":"call","expression":{"__symbolic":"reference","name":"ɵɵdefineInjectable"},"arguments":[{"__symbolic":"error","message":"Lambda not supported","line":123,"character":13,"module":"./core"}]},"extend":{"__symbolic":"function","parameters":["factories"],"value":{"__symbolic":"error","message":"Lambda not supported","line":166,"character":18,"module":"./core"}}}},"NgIterable":{"__symbolic":"interface"},"PipeTransform":{"__symbolic":"interface"},"TrackByFunction":{"__symbolic":"interface"},"WrappedValue":{"__symbolic":"class","members":{"__ctor__":[{"__symbolic":"constructor","parameters":[{"__symbolic":"reference","name":"any"}]}]},"statics":{"wrap":{"__symbolic":"function","parameters":["value"],"value":{"__symbolic":"new","expression":{"__symbolic":"reference","name":"WrappedValue"},"arguments":[{"__symbolic":"reference","name":"value"}]}},"unwrap":{"__symbolic":"function","parameters":["value"],"value":{"__symbolic":"if","condition":{"__symbolic":"call","expression":{"__symbolic":"select","expression":{"__symbolic":"reference","name":"WrappedValue"},"member":"isWrapped"},"arguments":[{"__symbolic":"reference","name":"value"}]},"thenExpression":{"__symbolic":"select","expression":{"__symbolic":"reference","name":"value"},"member":"wrapped"},"elseExpression":{"__symbolic":"reference","name":"value"}}},"isWrapped":{"__symbolic":"function","parameters":["value"],"value":{"__symbolic":"binop","operator":"instanceof","left":{"__symbolic":"reference","name":"value"},"right":{"__symbolic":"reference","name":"WrappedValue"}}}}},"platformCore":{"__symbolic":"call","expression":{"__symbolic":"reference","name":"createPlatformFactory"},"arguments":[null,"core",[{"provide":{"__symbolic":"reference","name":"PLATFORM_ID"},"useValue":"unknown"},{"provide":{"__symbolic":"reference","name":"PlatformRef"},"deps":[{"__symbolic":"reference","name":"Injector"}]},{"provide":{"__symbolic":"reference","name":"TestabilityRegistry"},"deps":[]},{"provide":{"__symbolic":"reference","name":"ɵConsole"},"deps":[]}]]},"TRANSLATIONS":{"__symbolic":"new","expression":{"__symbolic":"reference","name":"InjectionToken"},"arguments":["Translations"]},"TRANSLATIONS_FORMAT":{"__symbolic":"new","expression":{"__symbolic":"reference","name":"InjectionToken"},"arguments":["TranslationsFormat"]},"LOCALE_ID":{"__symbolic":"new","expression":{"__symbolic":"reference","name":"InjectionToken"},"arguments":["LocaleId"]},"DEFAULT_CURRENCY_CODE":{"__symbolic":"new","expression":{"__symbolic":"reference","name":"InjectionToken"},"arguments":["DefaultCurrencyCode"]},"MissingTranslationStrategy":{"Error":0,"Warning":1,"Ignore":2},"ApplicationModule":{"__symbolic":"class","decorators":[{"__symbolic":"call","expression":{"__symbolic":"reference","name":"NgModule"},"arguments":[{"providers":{"__symbolic":"reference","name":"ɵangular_packages_core_core_s"}}]}],"members":{"__ctor__":[{"__symbolic":"constructor","parameters":[{"__symbolic":"reference","name":"ApplicationRef"}]}]}},"EventEmitter":{"__symbolic":"class","arity":1,"extends":{"__symbolic":"reference","module":"rxjs","name":"Subject","line":63,"character":49},"members":{"__ctor__":[{"__symbolic":"constructor","parameters":[{"__symbolic":"reference","name":"boolean"}]}],"emit":[{"__symbolic":"method"}],"subscribe":[{"__symbolic":"method"}]}},"ErrorHandler":{"__symbolic":"class","members":{"handleError":[{"__symbolic":"method"}],"_findContext":[{"__symbolic":"method"}],"_findOriginalError":[{"__symbolic":"method"}]}},"ɵALLOW_MULTIPLE_PLATFORMS":{"__symbolic":"new","expression":{"__symbolic":"reference","name":"InjectionToken"},"arguments":["AllowMultipleToken"]},"ɵAPP_ID_RANDOM_PROVIDER":{"provide":{"__symbolic":"reference","name":"APP_ID"},"useFactory":{"__symbolic":"reference","name":"ɵangular_packages_core_core_g"},"deps":[]},"ɵdefaultIterableDiffers":{"__symbolic":"new","expression":{"__symbolic":"reference","name":"IterableDiffers"},"arguments":[[{"__symbolic":"new","expression":{"__symbolic":"reference","name":"ɵangular_packages_core_core_n"}}]]},"ɵdefaultKeyValueDiffers":{"__symbolic":"new","expression":{"__symbolic":"reference","name":"KeyValueDiffers"},"arguments":[[{"__symbolic":"new","expression":{"__symbolic":"reference","name":"ɵangular_packages_core_core_o"}}]]},"ɵdevModeEqual":{"__symbolic":"function"},"ɵisListLikeIterable":{"__symbolic":"function"},"ɵChangeDetectorStatus":{"CheckOnce":0,"Checked":1,"CheckAlways":2,"Detached":3,"Errored":4,"Destroyed":5},"ɵisDefaultChangeDetectionStrategy":{"__symbolic":"function","parameters":["changeDetectionStrategy"],"value":{"__symbolic":"binop","operator":"||","left":{"__symbolic":"binop","operator":"==","left":{"__symbolic":"reference","name":"changeDetectionStrategy"},"right":null},"right":{"__symbolic":"binop","operator":"===","left":{"__symbolic":"reference","name":"changeDetectionStrategy"},"right":{"__symbolic":"select","expression":{"__symbolic":"reference","name":"ChangeDetectionStrategy"},"member":"Default"}}}},"ɵConsole":{"__symbolic":"class","decorators":[{"__symbolic":"call","expression":{"__symbolic":"reference","name":"Injectable"}}],"members":{"log":[{"__symbolic":"method"}],"warn":[{"__symbolic":"method"}]}},"ɵgetDebugNodeR2":{"__symbolic":"reference","name":"ɵangular_packages_core_core_m"},"ɵsetCurrentInjector":{"__symbolic":"function"},"ɵINJECTOR_SCOPE":{"__symbolic":"new","expression":{"__symbolic":"reference","name":"InjectionToken"},"arguments":["Set Injector scope."]},"ɵCurrencyIndex":{"Symbol":0,"SymbolNarrow":1,"NbOfDigits":2},"ɵExtraLocaleDataIndex":{"ExtraDayPeriodFormats":0,"ExtraDayPeriodStandalone":1,"ExtraDayPeriodsRules":2},"ɵfindLocaleData":{"__symbolic":"function"},"ɵgetLocaleCurrencyCode":{"__symbolic":"function"},"ɵgetLocalePluralCase":{"__symbolic":"function"},"ɵLocaleDataIndex":{"LocaleId":0,"DayPeriodsFormat":1,"DayPeriodsStandalone":2,"DaysFormat":3,"DaysStandalone":4,"MonthsFormat":5,"MonthsStandalone":6,"Eras":7,"FirstDayOfWeek":8,"WeekendRange":9,"DateFormat":10,"TimeFormat":11,"DateTimeFormat":12,"NumberSymbols":13,"NumberFormats":14,"CurrencyCode":15,"CurrencySymbol":16,"CurrencyName":17,"Currencies":18,"Directionality":19,"PluralCase":20,"ExtraData":21},"ɵregisterLocaleData":{"__symbolic":"function"},"ɵunregisterLocaleData":{"__symbolic":"function"},"ɵDEFAULT_LOCALE_ID":"en-US","ɵComponentFactory":{"__symbolic":"reference","name":"ComponentFactory"},"ɵCodegenComponentFactoryResolver":{"__symbolic":"class","members":{"__ctor__":[{"__symbolic":"constructor","parameters":[{"__symbolic":"reference","name":"Array","arguments":[{"__symbolic":"reference","name":"ɵComponentFactory"}]},{"__symbolic":"reference","name":"ComponentFactoryResolver"},{"__symbolic":"reference","name":"NgModuleRef"}]}],"resolveComponentFactory":[{"__symbolic":"method"}]}},"ɵclearResolutionOfComponentResourcesQueue":{"__symbolic":"function"},"ɵresolveComponentResources":{"__symbolic":"function"},"ɵallowSanitizationBypassAndThrow":{"__symbolic":"function"},"ɵBypassType":{"Url":"URL","Html":"HTML","ResourceUrl":"ResourceURL","Script":"Script","Style":"Style"},"ɵgetSanitizationBypassType":{"__symbolic":"function","parameters":["value"],"value":{"__symbolic":"binop","operator":"||","left":{"__symbolic":"binop","operator":"&&","left":{"__symbolic":"binop","operator":"instanceof","left":{"__symbolic":"reference","name":"value"},"right":{"__symbolic":"error","message":"Reference to non-exported class","line":60,"character":0,"context":{"className":"SafeValueImpl"},"module":"./core"}},"right":{"__symbolic":"call","expression":{"__symbolic":"select","expression":{"__symbolic":"reference","name":"value"},"member":"getTypeName"}}},"right":null}},"ɵSafeHtml":{"__symbolic":"interface"},"ɵSafeResourceUrl":{"__symbolic":"interface"},"ɵSafeScript":{"__symbolic":"interface"},"ɵSafeStyle":{"__symbolic":"interface"},"ɵSafeUrl":{"__symbolic":"interface"},"ɵSafeValue":{"__symbolic":"interface"},"ɵunwrapSafeValue":{"__symbolic":"function","parameters":["value"],"value":{"__symbolic":"if","condition":{"__symbolic":"binop","operator":"instanceof","left":{"__symbolic":"reference","name":"value"},"right":{"__symbolic":"error","message":"Reference to non-exported class","line":60,"character":0,"context":{"className":"SafeValueImpl"},"module":"./core"}},"thenExpression":{"__symbolic":"select","expression":{"__symbolic":"reference","name":"value"},"member":"changingThisBreaksApplicationSecurity"},"elseExpression":{"__symbolic":"reference","name":"value"}}},"ɵ_sanitizeHtml":{"__symbolic":"function"},"ɵ_sanitizeStyle":{"__symbolic":"function"},"ɵ_sanitizeUrl":{"__symbolic":"function"},"ɵclearOverrides":{"__symbolic":"function"},"ɵinitServicesIfNeeded":{"__symbolic":"function"},"ɵoverrideComponentView":{"__symbolic":"function"},"ɵoverrideProvider":{"__symbolic":"function"},"ɵNOT_FOUND_CHECK_ONLY_ELEMENT_INJECTOR":{},"ɵcompileNgModuleFactory__POST_R3__":{"__symbolic":"function"},"ɵisBoundToModule__POST_R3__":{"__symbolic":"function","parameters":["cf"],"value":{"__symbolic":"select","expression":{"__symbolic":"reference","name":"cf"},"member":"isBoundToModule"}},"ɵSWITCH_CHANGE_DETECTOR_REF_FACTORY__POST_R3__":{"__symbolic":"function","parameters":["isPipe"],"defaults":[false],"value":{"__symbolic":"error","message":"Reference to a non-exported function","line":400,"character":9,"context":{"name":"createViewRef"},"module":"./core"}},"ɵgetDebugNode__POST_R3__":{"__symbolic":"function"},"ɵSWITCH_COMPILE_INJECTABLE__POST_R3__":{"__symbolic":"function"},"ɵINJECTOR_IMPL__POST_R3__":{"__symbolic":"function","parameters":["providers","parent","name"],"value":{"__symbolic":"call","expression":{"__symbolic":"reference","name":"ɵcreateInjector"},"arguments":[{"name":{"__symbolic":"reference","name":"name"}},{"__symbolic":"reference","name":"parent"},{"__symbolic":"reference","name":"providers"},{"__symbolic":"reference","name":"name"}]}},"ɵcreateInjector":{"__symbolic":"function"},"ɵSWITCH_IVY_ENABLED__POST_R3__":true,"ɵCompiler_compileModuleAndAllComponentsAsync__POST_R3__":{"__symbolic":"error","message":"Lambda not supported","line":78,"character":47,"module":"./core"},"ɵCompiler_compileModuleAndAllComponentsSync__POST_R3__":{"__symbolic":"error","message":"Lambda not supported","line":59,"character":38,"module":"./core"},"ɵCompiler_compileModuleAsync__POST_R3__":{"__symbolic":"error","message":"Lambda not supported","line":51,"character":34,"module":"./core"},"ɵCompiler_compileModuleSync__POST_R3__":{"__symbolic":"error","message":"Lambda not supported","line":43,"character":25,"module":"./core"},"ɵSWITCH_ELEMENT_REF_FACTORY__POST_R3__":{"__symbolic":"function","parameters":["ElementRefToken"],"value":{"__symbolic":"call","expression":{"__symbolic":"reference","name":"ɵangular_packages_core_core_h"},"arguments":[{"__symbolic":"reference","name":"ElementRefToken"},{"__symbolic":"call","expression":{"__symbolic":"reference","name":"ɵangular_packages_core_core_bb"}},{"__symbolic":"call","expression":{"__symbolic":"reference","name":"ɵangular_packages_core_core_ba"}}]}},"ɵgetModuleFactory__POST_R3__":{"__symbolic":"function"},"ɵregisterNgModuleType":{"__symbolic":"function"},"ɵSWITCH_TEMPLATE_REF_FACTORY__POST_R3__":{"__symbolic":"function","parameters":["TemplateRefToken","ElementRefToken"],"value":{"__symbolic":"call","expression":{"__symbolic":"reference","name":"ɵangular_packages_core_core_i"},"arguments":[{"__symbolic":"reference","name":"TemplateRefToken"},{"__symbolic":"reference","name":"ElementRefToken"},{"__symbolic":"call","expression":{"__symbolic":"reference","name":"ɵangular_packages_core_core_bb"}},{"__symbolic":"call","expression":{"__symbolic":"reference","name":"ɵangular_packages_core_core_ba"}}]}},"ɵSWITCH_VIEW_CONTAINER_REF_FACTORY__POST_R3__":{"__symbolic":"function"},"ɵSWITCH_COMPILE_COMPONENT__POST_R3__":{"__symbolic":"function"},"ɵSWITCH_COMPILE_DIRECTIVE__POST_R3__":{"__symbolic":"function"},"ɵSWITCH_COMPILE_PIPE__POST_R3__":{"__symbolic":"function"},"ɵNgModuleDef":{"__symbolic":"interface"},"ɵNgModuleTransitiveScopes":{"__symbolic":"interface"},"ɵɵNgModuleDefWithMeta":{"__symbolic":"interface"},"ɵSWITCH_COMPILE_NGMODULE__POST_R3__":{"__symbolic":"function"},"ɵSWITCH_RENDERER2_FACTORY__POST_R3__":{"__symbolic":"function"},"ɵgetLContext":{"__symbolic":"function"},"ɵNG_COMP_DEF":{"__symbolic":"call","expression":{"__symbolic":"reference","name":"ɵangular_packages_core_core_bn"},"arguments":[{"ɵcmp":{"__symbolic":"reference","name":"ɵangular_packages_core_core_bn"}}]},"ɵNG_DIR_DEF":{"__symbolic":"call","expression":{"__symbolic":"reference","name":"ɵangular_packages_core_core_bn"},"arguments":[{"ɵdir":{"__symbolic":"reference","name":"ɵangular_packages_core_core_bn"}}]},"ɵNG_ELEMENT_ID":{"__symbolic":"call","expression":{"__symbolic":"reference","name":"ɵangular_packages_core_core_bn"},"arguments":[{"__NG_ELEMENT_ID__":{"__symbolic":"reference","name":"ɵangular_packages_core_core_bn"}}]},"ɵNG_MOD_DEF":{"__symbolic":"call","expression":{"__symbolic":"reference","name":"ɵangular_packages_core_core_bn"},"arguments":[{"ɵmod":{"__symbolic":"reference","name":"ɵangular_packages_core_core_bn"}}]},"ɵNG_PIPE_DEF":{"__symbolic":"call","expression":{"__symbolic":"reference","name":"ɵangular_packages_core_core_bn"},"arguments":[{"ɵpipe":{"__symbolic":"reference","name":"ɵangular_packages_core_core_bn"}}]},"ɵAttributeMarker":{"ImplicitAttributes":-1,"NamespaceURI":0,"Classes":1,"Styles":2,"Bindings":3,"Template":4,"ProjectAs":5,"I18n":6},"ɵComponentDef":{"__symbolic":"interface"},"ɵRender3ComponentFactory":{"__symbolic":"class","arity":1,"extends":{"__symbolic":"reference","name":"ɵComponentFactory"},"members":{"__ctor__":[{"__symbolic":"constructor","parameters":[{"__symbolic":"reference","name":"ɵComponentDef"},{"__symbolic":"reference","name":"NgModuleRef"}]}],"create":[{"__symbolic":"method"}]}},"ɵRender3ComponentRef":{"__symbolic":"class","arity":1,"extends":{"__symbolic":"reference","name":"ComponentRef"},"members":{"__ctor__":[{"__symbolic":"constructor","parameters":[{"__symbolic":"reference","name":"Type"},{"__symbolic":"error","message":"Could not resolve type","line":273,"character":40,"context":{"typeName":"T"},"module":"./core"},{"__symbolic":"reference","name":"ElementRef"},{"__symbolic":"reference","name":"ɵangular_packages_core_core_bo"},{"__symbolic":"reference","name":"ɵangular_packages_core_core_be"}]}],"destroy":[{"__symbolic":"method"}],"onDestroy":[{"__symbolic":"method"}]}},"ɵComponentType":{"__symbolic":"interface"},"ɵCssSelectorList":{"__symbolic":"interface"},"ɵdetectChanges":{"__symbolic":"function"},"ɵDirectiveDef":{"__symbolic":"interface"},"ɵDirectiveType":{"__symbolic":"interface"},"ɵgetDirectives":{"__symbolic":"function"},"ɵgetHostElement":{"__symbolic":"function","parameters":["componentOrDirective"],"value":{"__symbolic":"error","message":"Expression form not supported","line":253,"character":9,"module":"./core"}},"ɵLifecycleHooksFeature":{"__symbolic":"function"},"ɵmarkDirty":{"__symbolic":"function"},"ɵNgModuleFactory":{"__symbolic":"class","arity":1,"extends":{"__symbolic":"reference","name":"NgModuleFactory"},"members":{"__ctor__":[{"__symbolic":"constructor","parameters":[{"__symbolic":"reference","name":"Type"}]}],"create":[{"__symbolic":"method"}]}},"ɵRender3NgModuleRef":{"__symbolic":"class","arity":1,"extends":{"__symbolic":"reference","name":"NgModuleRef"},"members":{"__ctor__":[{"__symbolic":"constructor","parameters":[{"__symbolic":"reference","name":"Type"},{"__symbolic":"reference","name":"Injector"}]}],"get":[{"__symbolic":"method"}],"destroy":[{"__symbolic":"method"}],"onDestroy":[{"__symbolic":"method"}]}},"ɵNgModuleType":{"__symbolic":"interface"},"ɵNO_CHANGE":{"__symbolic":"if","condition":{"__symbolic":"binop","operator":"||","left":{"__symbolic":"binop","operator":"===","left":{"__symbolic":"error","message":"Expression form not supported","line":15,"character":5,"module":"./core"},"right":"undefined"},"right":{"__symbolic":"reference","name":"ngDevMode"}},"thenExpression":{"__brand__":"NO_CHANGE"},"elseExpression":{}},"ɵPipeDef":{"__symbolic":"interface"},"ɵrenderComponent":{"__symbolic":"function"},"ɵRenderFlags":{"Create":1,"Update":2},"ɵsetClassMetadata":{"__symbolic":"function","parameters":["type","decorators","ctorParameters","propDecorators"],"value":{"__symbolic":"call","expression":{"__symbolic":"reference","name":"ɵangular_packages_core_core_bp"},"arguments":[{"__symbolic":"error","message":"Lambda not supported","line":29,"character":23,"module":"./core"}]}},"ɵsetLocaleId":{"__symbolic":"function"},"ɵstore":{"__symbolic":"function"},"ɵwhenRendered":{"__symbolic":"function","parameters":["component"],"value":{"__symbolic":"select","expression":{"__symbolic":"call","expression":{"__symbolic":"reference","name":"ɵangular_packages_core_core_bq"},"arguments":[{"__symbolic":"reference","name":"component"}]},"member":"clean"}},"ɵɵadvance":{"__symbolic":"function"},"ɵɵattribute":{"__symbolic":"function"},"ɵɵattributeInterpolate1":{"__symbolic":"function"},"ɵɵattributeInterpolate2":{"__symbolic":"function"},"ɵɵattributeInterpolate3":{"__symbolic":"function"},"ɵɵattributeInterpolate4":{"__symbolic":"function"},"ɵɵattributeInterpolate5":{"__symbolic":"function"},"ɵɵattributeInterpolate6":{"__symbolic":"function"},"ɵɵattributeInterpolate7":{"__symbolic":"function"},"ɵɵattributeInterpolate8":{"__symbolic":"function"},"ɵɵattributeInterpolateV":{"__symbolic":"function"},"ɵɵclassMap":{"__symbolic":"function"},"ɵɵclassMapInterpolate1":{"__symbolic":"function"},"ɵɵclassMapInterpolate2":{"__symbolic":"function"},"ɵɵclassMapInterpolate3":{"__symbolic":"function"},"ɵɵclassMapInterpolate4":{"__symbolic":"function"},"ɵɵclassMapInterpolate5":{"__symbolic":"function"},"ɵɵclassMapInterpolate6":{"__symbolic":"function"},"ɵɵclassMapInterpolate7":{"__symbolic":"function"},"ɵɵclassMapInterpolate8":{"__symbolic":"function"},"ɵɵclassMapInterpolateV":{"__symbolic":"function"},"ɵɵclassProp":{"__symbolic":"function"},"ɵɵComponentDefWithMeta":{"__symbolic":"interface"},"ɵɵcomponentHostSyntheticListener":{"__symbolic":"function"},"ɵɵcontentQuery":{"__symbolic":"function"},"ɵɵCopyDefinitionFeature":{"__symbolic":"function"},"ɵɵdefineComponent":{"__symbolic":"function","parameters":["componentDefinition"],"value":{"__symbolic":"call","expression":{"__symbolic":"reference","name":"ɵangular_packages_core_core_bp"},"arguments":[{"__symbolic":"error","message":"Lambda not supported","line":291,"character":23,"module":"./core"}]}},"ɵɵdefineDirective":{"__symbolic":"reference","name":"ɵɵdefineComponent"},"ɵɵdefineNgModule":{"__symbolic":"function"},"ɵɵdefinePipe":{"__symbolic":"function","parameters":["pipeDef"],"value":{"type":{"__symbolic":"select","expression":{"__symbolic":"reference","name":"pipeDef"},"member":"type"},"name":{"__symbolic":"select","expression":{"__symbolic":"reference","name":"pipeDef"},"member":"name"},"factory":null,"pure":{"__symbolic":"binop","operator":"!==","left":{"__symbolic":"select","expression":{"__symbolic":"reference","name":"pipeDef"},"member":"pure"},"right":false},"onDestroy":{"__symbolic":"binop","operator":"||","left":{"__symbolic":"select","expression":{"__symbolic":"select","expression":{"__symbolic":"select","expression":{"__symbolic":"reference","name":"pipeDef"},"member":"type"},"member":"prototype"},"member":"ngOnDestroy"},"right":null}}},"ɵɵDirectiveDefWithMeta":{"__symbolic":"interface"},"ɵɵdirectiveInject":{"__symbolic":"function"},"ɵɵdisableBindings":{"__symbolic":"function"},"ɵɵelement":{"__symbolic":"function"},"ɵɵelementContainer":{"__symbolic":"function"},"ɵɵelementContainerEnd":{"__symbolic":"function"},"ɵɵelementContainerStart":{"__symbolic":"function"},"ɵɵelementEnd":{"__symbolic":"function"},"ɵɵelementStart":{"__symbolic":"function"},"ɵɵenableBindings":{"__symbolic":"function"},"ɵɵFactoryDef":{"__symbolic":"interface"},"ɵɵgetCurrentView":{"__symbolic":"function","parameters":[],"value":{"__symbolic":"call","expression":{"__symbolic":"reference","name":"ɵangular_packages_core_core_ba"}}},"ɵɵgetFactoryOf":{"__symbolic":"function"},"ɵɵgetInheritedFactory":{"__symbolic":"function","parameters":["type"],"value":{"__symbolic":"call","expression":{"__symbolic":"reference","name":"ɵangular_packages_core_core_bp"},"arguments":[{"__symbolic":"error","message":"Lambda not supported","line":658,"character":23,"module":"./core"}]}},"ɵɵhostProperty":{"__symbolic":"function"},"ɵɵi18n":{"__symbolic":"function"},"ɵɵi18nApply":{"__symbolic":"function"},"ɵɵi18nAttributes":{"__symbolic":"function"},"ɵɵi18nEnd":{"__symbolic":"function"},"ɵɵi18nExp":{"__symbolic":"function"},"ɵɵi18nPostprocess":{"__symbolic":"function"},"ɵɵi18nStart":{"__symbolic":"function"},"ɵɵInheritDefinitionFeature":{"__symbolic":"function"},"ɵɵinjectAttribute":{"__symbolic":"function","parameters":["attrNameToInject"],"value":{"__symbolic":"call","expression":{"__symbolic":"reference","name":"ɵangular_packages_core_core_y"},"arguments":[{"__symbolic":"call","expression":{"__symbolic":"reference","name":"ɵangular_packages_core_core_bb"}},{"__symbolic":"reference","name":"attrNameToInject"}]}},"ɵɵinjectPipeChangeDetectorRef":{"__symbolic":"function"},"ɵɵinvalidFactory":{"__symbolic":"function"},"ɵɵlistener":{"__symbolic":"function"},"ɵɵloadQuery":{"__symbolic":"function","parameters":[],"value":{"__symbolic":"error","message":"Reference to a non-exported function","line":546,"character":9,"context":{"name":"loadQueryInternal"},"module":"./core"}},"ɵɵnamespaceHTML":{"__symbolic":"function"},"ɵɵnamespaceMathML":{"__symbolic":"function"},"ɵɵnamespaceSVG":{"__symbolic":"function"},"ɵɵnextContext":{"__symbolic":"function","parameters":["level"],"defaults":[1],"value":{"__symbolic":"call","expression":{"__symbolic":"reference","name":"ɵangular_packages_core_core_bd"},"arguments":[{"__symbolic":"reference","name":"level"}]}},"ɵɵNgOnChangesFeature":{"__symbolic":"function"},"ɵɵpipe":{"__symbolic":"function"},"ɵɵpipeBind1":{"__symbolic":"function"},"ɵɵpipeBind2":{"__symbolic":"function"},"ɵɵpipeBind3":{"__symbolic":"function"},"ɵɵpipeBind4":{"__symbolic":"function"},"ɵɵpipeBindV":{"__symbolic":"function"},"ɵɵPipeDefWithMeta":{"__symbolic":"interface"},"ɵɵprojection":{"__symbolic":"function"},"ɵɵprojectionDef":{"__symbolic":"function"},"ɵɵproperty":{"__symbolic":"function"},"ɵɵpropertyInterpolate":{"__symbolic":"function"},"ɵɵpropertyInterpolate1":{"__symbolic":"function"},"ɵɵpropertyInterpolate2":{"__symbolic":"function"},"ɵɵpropertyInterpolate3":{"__symbolic":"function"},"ɵɵpropertyInterpolate4":{"__symbolic":"function"},"ɵɵpropertyInterpolate5":{"__symbolic":"function"},"ɵɵpropertyInterpolate6":{"__symbolic":"function"},"ɵɵpropertyInterpolate7":{"__symbolic":"function"},"ɵɵpropertyInterpolate8":{"__symbolic":"function"},"ɵɵpropertyInterpolateV":{"__symbolic":"function"},"ɵɵProvidersFeature":{"__symbolic":"function","parameters":["providers","viewProviders"],"defaults":[null,[]],"value":{"__symbolic":"error","message":"Lambda not supported","line":44,"character":9,"module":"./core"}},"ɵɵpureFunction0":{"__symbolic":"function"},"ɵɵpureFunction1":{"__symbolic":"function","parameters":["slotOffset","pureFn","exp","thisArg"],"value":{"__symbolic":"call","expression":{"__symbolic":"reference","name":"ɵangular_packages_core_core_bf"},"arguments":[{"__symbolic":"call","expression":{"__symbolic":"reference","name":"ɵangular_packages_core_core_ba"}},{"__symbolic":"call","expression":{"__symbolic":"reference","name":"ɵangular_packages_core_core_bc"}},{"__symbolic":"reference","name":"slotOffset"},{"__symbolic":"reference","name":"pureFn"},{"__symbolic":"reference","name":"exp"},{"__symbolic":"reference","name":"thisArg"}]}},"ɵɵpureFunction2":{"__symbolic":"function","parameters":["slotOffset","pureFn","exp1","exp2","thisArg"],"value":{"__symbolic":"call","expression":{"__symbolic":"reference","name":"ɵangular_packages_core_core_bg"},"arguments":[{"__symbolic":"call","expression":{"__symbolic":"reference","name":"ɵangular_packages_core_core_ba"}},{"__symbolic":"call","expression":{"__symbolic":"reference","name":"ɵangular_packages_core_core_bc"}},{"__symbolic":"reference","name":"slotOffset"},{"__symbolic":"reference","name":"pureFn"},{"__symbolic":"reference","name":"exp1"},{"__symbolic":"reference","name":"exp2"},{"__symbolic":"reference","name":"thisArg"}]}},"ɵɵpureFunction3":{"__symbolic":"function","parameters":["slotOffset","pureFn","exp1","exp2","exp3","thisArg"],"value":{"__symbolic":"call","expression":{"__symbolic":"reference","name":"ɵangular_packages_core_core_bh"},"arguments":[{"__symbolic":"call","expression":{"__symbolic":"reference","name":"ɵangular_packages_core_core_ba"}},{"__symbolic":"call","expression":{"__symbolic":"reference","name":"ɵangular_packages_core_core_bc"}},{"__symbolic":"reference","name":"slotOffset"},{"__symbolic":"reference","name":"pureFn"},{"__symbolic":"reference","name":"exp1"},{"__symbolic":"reference","name":"exp2"},{"__symbolic":"reference","name":"exp3"},{"__symbolic":"reference","name":"thisArg"}]}},"ɵɵpureFunction4":{"__symbolic":"function","parameters":["slotOffset","pureFn","exp1","exp2","exp3","exp4","thisArg"],"value":{"__symbolic":"call","expression":{"__symbolic":"reference","name":"ɵangular_packages_core_core_bi"},"arguments":[{"__symbolic":"call","expression":{"__symbolic":"reference","name":"ɵangular_packages_core_core_ba"}},{"__symbolic":"call","expression":{"__symbolic":"reference","name":"ɵangular_packages_core_core_bc"}},{"__symbolic":"reference","name":"slotOffset"},{"__symbolic":"reference","name":"pureFn"},{"__symbolic":"reference","name":"exp1"},{"__symbolic":"reference","name":"exp2"},{"__symbolic":"reference","name":"exp3"},{"__symbolic":"reference","name":"exp4"},{"__symbolic":"reference","name":"thisArg"}]}},"ɵɵpureFunction5":{"__symbolic":"function"},"ɵɵpureFunction6":{"__symbolic":"function"},"ɵɵpureFunction7":{"__symbolic":"function"},"ɵɵpureFunction8":{"__symbolic":"function"},"ɵɵpureFunctionV":{"__symbolic":"function","parameters":["slotOffset","pureFn","exps","thisArg"],"value":{"__symbolic":"call","expression":{"__symbolic":"reference","name":"ɵangular_packages_core_core_bj"},"arguments":[{"__symbolic":"call","expression":{"__symbolic":"reference","name":"ɵangular_packages_core_core_ba"}},{"__symbolic":"call","expression":{"__symbolic":"reference","name":"ɵangular_packages_core_core_bc"}},{"__symbolic":"reference","name":"slotOffset"},{"__symbolic":"reference","name":"pureFn"},{"__symbolic":"reference","name":"exps"},{"__symbolic":"reference","name":"thisArg"}]}},"ɵɵqueryRefresh":{"__symbolic":"function"},"ɵɵreference":{"__symbolic":"function"},"ɵɵresolveBody":{"__symbolic":"function","parameters":["element"],"value":{"name":"body","target":{"__symbolic":"select","expression":{"__symbolic":"select","expression":{"__symbolic":"reference","name":"element"},"member":"ownerDocument"},"member":"body"}}},"ɵɵresolveDocument":{"__symbolic":"function","parameters":["element"],"value":{"name":"document","target":{"__symbolic":"select","expression":{"__symbolic":"reference","name":"element"},"member":"ownerDocument"}}},"ɵɵresolveWindow":{"__symbolic":"function","parameters":["element"],"value":{"name":"window","target":{"__symbolic":"select","expression":{"__symbolic":"select","expression":{"__symbolic":"reference","name":"element"},"member":"ownerDocument"},"member":"defaultView"}}},"ɵɵrestoreView":{"__symbolic":"function"},"ɵɵselect":{"__symbolic":"function"},"ɵɵsetComponentScope":{"__symbolic":"function"},"ɵɵsetNgModuleScope":{"__symbolic":"function","parameters":["type","scope"],"value":{"__symbolic":"call","expression":{"__symbolic":"reference","name":"ɵangular_packages_core_core_bp"},"arguments":[{"__symbolic":"error","message":"Lambda not supported","line":457,"character":23,"module":"./core"}]}},"ɵɵstaticContentQuery":{"__symbolic":"function"},"ɵɵstaticViewQuery":{"__symbolic":"function"},"ɵɵstyleMap":{"__symbolic":"function"},"ɵɵstyleMapInterpolate1":{"__symbolic":"function"},"ɵɵstyleMapInterpolate2":{"__symbolic":"function"},"ɵɵstyleMapInterpolate3":{"__symbolic":"function"},"ɵɵstyleMapInterpolate4":{"__symbolic":"function"},"ɵɵstyleMapInterpolate5":{"__symbolic":"function"},"ɵɵstyleMapInterpolate6":{"__symbolic":"function"},"ɵɵstyleMapInterpolate7":{"__symbolic":"function"},"ɵɵstyleMapInterpolate8":{"__symbolic":"function"},"ɵɵstyleMapInterpolateV":{"__symbolic":"function"},"ɵɵstyleProp":{"__symbolic":"function"},"ɵɵstylePropInterpolate1":{"__symbolic":"function"},"ɵɵstylePropInterpolate2":{"__symbolic":"function"},"ɵɵstylePropInterpolate3":{"__symbolic":"function"},"ɵɵstylePropInterpolate4":{"__symbolic":"function"},"ɵɵstylePropInterpolate5":{"__symbolic":"function"},"ɵɵstylePropInterpolate6":{"__symbolic":"function"},"ɵɵstylePropInterpolate7":{"__symbolic":"function"},"ɵɵstylePropInterpolate8":{"__symbolic":"function"},"ɵɵstylePropInterpolateV":{"__symbolic":"function"},"ɵɵstyleSanitizer":{"__symbolic":"function"},"ɵɵtemplate":{"__symbolic":"function"},"ɵɵtemplateRefExtractor":{"__symbolic":"function","parameters":["tNode","currentView"],"value":{"__symbolic":"call","expression":{"__symbolic":"reference","name":"ɵangular_packages_core_core_i"},"arguments":[{"__symbolic":"reference","name":"TemplateRef"},{"__symbolic":"reference","name":"ElementRef"},{"__symbolic":"reference","name":"tNode"},{"__symbolic":"reference","name":"currentView"}]}},"ɵɵtext":{"__symbolic":"function"},"ɵɵtextInterpolate":{"__symbolic":"function"},"ɵɵtextInterpolate1":{"__symbolic":"function"},"ɵɵtextInterpolate2":{"__symbolic":"function"},"ɵɵtextInterpolate3":{"__symbolic":"function"},"ɵɵtextInterpolate4":{"__symbolic":"function"},"ɵɵtextInterpolate5":{"__symbolic":"function"},"ɵɵtextInterpolate6":{"__symbolic":"function"},"ɵɵtextInterpolate7":{"__symbolic":"function"},"ɵɵtextInterpolate8":{"__symbolic":"function"},"ɵɵtextInterpolateV":{"__symbolic":"function"},"ɵɵupdateSyntheticHostBinding":{"__symbolic":"function"},"ɵɵviewQuery":{"__symbolic":"function"},"ɵLContext":{"__symbolic":"interface"},"ɵsetDocument":{"__symbolic":"function"},"ɵPlayer":{"__symbolic":"interface"},"ɵPlayerFactory":{"__symbolic":"interface"},"ɵPlayerHandler":{"__symbolic":"interface"},"ɵPlayState":{"Pending":0,"Running":1,"Paused":2,"Finished":100,"Destroyed":200},"ɵcompileComponent":{"__symbolic":"reference","name":"ɵSWITCH_COMPILE_COMPONENT__POST_R3__"},"ɵcompileDirective":{"__symbolic":"reference","name":"ɵSWITCH_COMPILE_DIRECTIVE__POST_R3__"},"ɵresetJitOptions":{"__symbolic":"function"},"ɵcompileNgModule":{"__symbolic":"reference","name":"ɵSWITCH_COMPILE_NGMODULE__POST_R3__"},"ɵcompileNgModuleDefs":{"__symbolic":"function"},"ɵflushModuleScopingQueueAsMuchAsPossible":{"__symbolic":"function"},"ɵpatchComponentDefWithScope":{"__symbolic":"function"},"ɵresetCompiledComponents":{"__symbolic":"function"},"ɵtransitiveScopesFor":{"__symbolic":"function"},"ɵcompilePipe":{"__symbolic":"reference","name":"ɵSWITCH_COMPILE_PIPE__POST_R3__"},"ɵpublishDefaultGlobalUtils":{"__symbolic":"function"},"ɵpublishGlobalUtil":{"__symbolic":"function"},"ɵbypassSanitizationTrustHtml":{"__symbolic":"function","parameters":["trustedHtml"],"value":{"__symbolic":"error","message":"Reference to non-exported class","line":71,"character":0,"context":{"className":"SafeHtmlImpl"},"module":"./core"}},"ɵbypassSanitizationTrustResourceUrl":{"__symbolic":"function","parameters":["trustedResourceUrl"],"value":{"__symbolic":"error","message":"Reference to non-exported class","line":91,"character":0,"context":{"className":"SafeResourceUrlImpl"},"module":"./core"}},"ɵbypassSanitizationTrustScript":{"__symbolic":"function","parameters":["trustedScript"],"value":{"__symbolic":"error","message":"Reference to non-exported class","line":81,"character":0,"context":{"className":"SafeScriptImpl"},"module":"./core"}},"ɵbypassSanitizationTrustStyle":{"__symbolic":"function","parameters":["trustedStyle"],"value":{"__symbolic":"error","message":"Reference to non-exported class","line":76,"character":0,"context":{"className":"SafeStyleImpl"},"module":"./core"}},"ɵbypassSanitizationTrustUrl":{"__symbolic":"function","parameters":["trustedUrl"],"value":{"__symbolic":"error","message":"Reference to non-exported class","line":86,"character":0,"context":{"className":"SafeUrlImpl"},"module":"./core"}},"ɵɵdefaultStyleSanitizer":{"__symbolic":"error","message":"Lambda not supported","line":189,"character":5,"module":"./core"},"ɵɵsanitizeHtml":{"__symbolic":"function"},"ɵɵsanitizeResourceUrl":{"__symbolic":"function"},"ɵɵsanitizeScript":{"__symbolic":"function"},"ɵɵsanitizeStyle":{"__symbolic":"function"},"ɵɵsanitizeUrl":{"__symbolic":"function"},"ɵɵsanitizeUrlOrResourceUrl":{"__symbolic":"function","parameters":["unsafeUrl","tag","prop"],"value":{"__symbolic":"call","expression":{"__symbolic":"call","expression":{"__symbolic":"reference","name":"ɵangular_packages_core_core_bk"},"arguments":[{"__symbolic":"reference","name":"tag"},{"__symbolic":"reference","name":"prop"}]},"arguments":[{"__symbolic":"reference","name":"unsafeUrl"}]}},"SecurityContext":{"NONE":0,"HTML":1,"STYLE":2,"SCRIPT":3,"URL":4,"RESOURCE_URL":5},"Sanitizer":{"__symbolic":"class","members":{"sanitize":[{"__symbolic":"method"}]},"statics":{"ɵprov":{"__symbolic":"call","expression":{"__symbolic":"reference","name":"ɵɵdefineInjectable"},"arguments":[{"__symbolic":"error","message":"Lambda not supported","line":22,"character":13,"module":"./core"}]}}},"ɵregisterModuleFactory":{"__symbolic":"function"},"ɵand":{"__symbolic":"function"},"ɵArgumentType":{"Inline":0,"Dynamic":1},"ɵBindingFlags":{"TypeElementAttribute":1,"TypeElementClass":2,"TypeElementStyle":4,"TypeProperty":8,"SyntheticProperty":16,"SyntheticHostProperty":32,"CatSyntheticProperty":{"__symbolic":"binop","operator":"|","left":{"__symbolic":"reference","name":"SyntheticProperty"},"right":{"__symbolic":"reference","name":"SyntheticHostProperty"}},"Types":{"__symbolic":"binop","operator":"|","left":{"__symbolic":"binop","operator":"|","left":{"__symbolic":"binop","operator":"|","left":{"__symbolic":"reference","name":"TypeElementAttribute"},"right":{"__symbolic":"reference","name":"TypeElementClass"}},"right":{"__symbolic":"reference","name":"TypeElementStyle"}},"right":{"__symbolic":"reference","name":"TypeProperty"}}},"ɵccf":{"__symbolic":"function","parameters":["selector","componentType","viewDefFactory","inputs","outputs","ngContentSelectors"],"value":{"__symbolic":"error","message":"Reference to non-exported class","line":45,"character":0,"context":{"className":"ComponentFactory_"},"module":"./core"}},"ɵcmf":{"__symbolic":"function","parameters":["ngModuleType","bootstrapComponents","defFactory"],"value":{"__symbolic":"error","message":"Reference to non-exported class","line":57,"character":0,"context":{"className":"NgModuleFactory_"},"module":"./core"}},"ɵcrt":{"__symbolic":"function","parameters":["values"],"value":{"id":"$$undefined","styles":{"__symbolic":"select","expression":{"__symbolic":"reference","name":"values"},"member":"styles"},"encapsulation":{"__symbolic":"select","expression":{"__symbolic":"reference","name":"values"},"member":"encapsulation"},"data":{"__symbolic":"select","expression":{"__symbolic":"reference","name":"values"},"member":"data"}}},"ɵDepFlags":{"None":0,"SkipSelf":1,"Optional":2,"Self":4,"Value":8},"ɵdid":{"__symbolic":"function"},"ɵeld":{"__symbolic":"function"},"ɵEMPTY_ARRAY":[],"ɵEMPTY_MAP":{},"ɵgetComponentViewDefinitionFactory":{"__symbolic":"function","parameters":["componentFactory"],"value":{"__symbolic":"select","expression":{"__symbolic":"reference","name":"componentFactory"},"member":"viewDefFactory"}},"ɵinlineInterpolate":{"__symbolic":"function"},"ɵinterpolate":{"__symbolic":"function"},"ɵmod":{"__symbolic":"function"},"ɵmpd":{"__symbolic":"function"},"ɵncd":{"__symbolic":"function","parameters":["ngContentIndex","index"],"value":{"nodeIndex":-1,"parent":null,"renderParent":null,"bindingIndex":-1,"outputIndex":-1,"checkIndex":-1,"flags":{"__symbolic":"select","expression":{"__symbolic":"reference","name":"ɵNodeFlags"},"member":"TypeNgContent"},"childFlags":0,"directChildFlags":0,"childMatchedQueries":0,"matchedQueries":{},"matchedQueryIds":0,"references":{},"ngContentIndex":{"__symbolic":"reference","name":"ngContentIndex"},"childCount":0,"bindings":[],"bindingFlags":0,"outputs":[],"element":null,"provider":null,"text":null,"query":null,"ngContent":{"index":{"__symbolic":"reference","name":"index"}}}},"ɵNodeFlags":{"None":0,"TypeElement":1,"TypeText":2,"ProjectedTemplate":4,"CatRenderNode":{"__symbolic":"binop","operator":"|","left":{"__symbolic":"reference","name":"TypeElement"},"right":{"__symbolic":"reference","name":"TypeText"}},"TypeNgContent":8,"TypePipe":16,"TypePureArray":32,"TypePureObject":64,"TypePurePipe":128,"CatPureExpression":{"__symbolic":"binop","operator":"|","left":{"__symbolic":"binop","operator":"|","left":{"__symbolic":"reference","name":"TypePureArray"},"right":{"__symbolic":"reference","name":"TypePureObject"}},"right":{"__symbolic":"reference","name":"TypePurePipe"}},"TypeValueProvider":256,"TypeClassProvider":512,"TypeFactoryProvider":1024,"TypeUseExistingProvider":2048,"LazyProvider":4096,"PrivateProvider":8192,"TypeDirective":16384,"Component":32768,"CatProviderNoDirective":{"__symbolic":"binop","operator":"|","left":{"__symbolic":"binop","operator":"|","left":{"__symbolic":"binop","operator":"|","left":{"__symbolic":"reference","name":"TypeValueProvider"},"right":{"__symbolic":"reference","name":"TypeClassProvider"}},"right":{"__symbolic":"reference","name":"TypeFactoryProvider"}},"right":{"__symbolic":"reference","name":"TypeUseExistingProvider"}},"CatProvider":{"__symbolic":"binop","operator":"|","left":{"__symbolic":"reference","name":"CatProviderNoDirective"},"right":{"__symbolic":"reference","name":"TypeDirective"}},"OnInit":65536,"OnDestroy":131072,"DoCheck":262144,"OnChanges":524288,"AfterContentInit":1048576,"AfterContentChecked":2097152,"AfterViewInit":4194304,"AfterViewChecked":8388608,"EmbeddedViews":16777216,"ComponentView":33554432,"TypeContentQuery":67108864,"TypeViewQuery":134217728,"StaticQuery":268435456,"DynamicQuery":536870912,"TypeNgModule":1073741824,"CatQuery":{"__symbolic":"binop","operator":"|","left":{"__symbolic":"reference","name":"TypeContentQuery"},"right":{"__symbolic":"reference","name":"TypeViewQuery"}},"Types":{"__symbolic":"binop","operator":"|","left":{"__symbolic":"binop","operator":"|","left":{"__symbolic":"binop","operator":"|","left":{"__symbolic":"binop","operator":"|","left":{"__symbolic":"binop","operator":"|","left":{"__symbolic":"reference","name":"CatRenderNode"},"right":{"__symbolic":"reference","name":"TypeNgContent"}},"right":{"__symbolic":"reference","name":"TypePipe"}},"right":{"__symbolic":"reference","name":"CatPureExpression"}},"right":{"__symbolic":"reference","name":"CatProvider"}},"right":{"__symbolic":"reference","name":"CatQuery"}}},"ɵnov":{"__symbolic":"function"},"ɵpid":{"__symbolic":"function"},"ɵprd":{"__symbolic":"function","parameters":["flags","matchedQueries","token","value","deps"],"value":{"__symbolic":"call","expression":{"__symbolic":"reference","name":"ɵangular_packages_core_core_v"},"arguments":[-1,{"__symbolic":"reference","name":"flags"},{"__symbolic":"reference","name":"matchedQueries"},0,{"__symbolic":"reference","name":"token"},{"__symbolic":"reference","name":"value"},{"__symbolic":"reference","name":"deps"}]}},"ɵpad":{"__symbolic":"function","parameters":["checkIndex","argCount"],"value":{"__symbolic":"error","message":"Reference to a non-exported function","line":35,"character":9,"context":{"name":"_pureExpressionDef"},"module":"./core"}},"ɵpod":{"__symbolic":"function"},"ɵppd":{"__symbolic":"function","parameters":["checkIndex","argCount"],"value":{"__symbolic":"error","message":"Reference to a non-exported function","line":35,"character":9,"context":{"name":"_pureExpressionDef"},"module":"./core"}},"ɵQueryBindingType":{"First":0,"All":1},"ɵqud":{"__symbolic":"function"},"ɵQueryValueType":{"ElementRef":0,"RenderElement":1,"TemplateRef":2,"ViewContainerRef":3,"Provider":4},"ɵted":{"__symbolic":"function"},"ɵunv":{"__symbolic":"function"},"ɵvid":{"__symbolic":"function"},"ɵViewDefinition":{"__symbolic":"interface"},"ɵViewFlags":{"None":0,"OnPush":2},"ɵangular_packages_core_core_bo":{"__symbolic":"interface"},"ɵangular_packages_core_core_bq":{"__symbolic":"function"}},"origins":{"ɵangular_packages_core_core_a":"./core","ɵangular_packages_core_core_b":"./core","ɵangular_packages_core_core_c":"./core","ɵangular_packages_core_core_d":"./core","ɵangular_packages_core_core_e":"./core","ɵangular_packages_core_core_f":"./core","ɵangular_packages_core_core_g":"./core","ɵangular_packages_core_core_h":"./core","ɵangular_packages_core_core_i":"./core","ɵangular_packages_core_core_j":"./core","ɵangular_packages_core_core_k":"./core","ɵangular_packages_core_core_l":"./core","ɵangular_packages_core_core_m":"./core","ɵangular_packages_core_core_n":"./core","ɵangular_packages_core_core_o":"./core","ɵangular_packages_core_core_p":"./core","ɵangular_packages_core_core_q":"./core","ɵangular_packages_core_core_r":"./core","ɵangular_packages_core_core_s":"./core","ɵangular_packages_core_core_t":"./core","ɵangular_packages_core_core_u":"./core","ɵangular_packages_core_core_v":"./core","ɵangular_packages_core_core_w":"./core","ɵangular_packages_core_core_x":"./core","ɵangular_packages_core_core_y":"./core","ɵangular_packages_core_core_z":"./core","ɵangular_packages_core_core_ba":"./core","ɵangular_packages_core_core_bb":"./core","ɵangular_packages_core_core_bc":"./core","ɵangular_packages_core_core_bd":"./core","ɵangular_packages_core_core_be":"./core","ɵangular_packages_core_core_bf":"./core","ɵangular_packages_core_core_bg":"./core","ɵangular_packages_core_core_bh":"./core","ɵangular_packages_core_core_bi":"./core","ɵangular_packages_core_core_bj":"./core","ɵangular_packages_core_core_bk":"./core","Attribute":"./core","ANALYZE_FOR_ENTRY_COMPONENTS":"./core","ContentChild":"./core","ContentChildDecorator":"./core","ContentChildren":"./core","ContentChildrenDecorator":"./core","Query":"./core","ViewChild":"./core","ViewChildDecorator":"./core","ViewChildren":"./core","ViewChildrenDecorator":"./core","Component":"./core","ComponentDecorator":"./core","Directive":"./core","DirectiveDecorator":"./core","HostBinding":"./core","HostBindingDecorator":"./core","HostListener":"./core","HostListenerDecorator":"./core","Input":"./core","InputDecorator":"./core","Output":"./core","OutputDecorator":"./core","Pipe":"./core","PipeDecorator":"./core","DoBootstrap":"./core","ModuleWithProviders":"./core","NgModule":"./core","NgModuleDecorator":"./core","CUSTOM_ELEMENTS_SCHEMA":"./core","NO_ERRORS_SCHEMA":"./core","SchemaMetadata":"./core","ViewEncapsulation":"./core","Version":"./core","VERSION":"./core","InjectDecorator":"./core","Inject":"./core","OptionalDecorator":"./core","Optional":"./core","SelfDecorator":"./core","Self":"./core","SkipSelfDecorator":"./core","SkipSelf":"./core","HostDecorator":"./core","Host":"./core","AttributeDecorator":"./core","forwardRef":"./core","resolveForwardRef":"./core","ForwardRefFn":"./core","Injectable":"./core","InjectableDecorator":"./core","InjectableProvider":"./core","Injector":"./core","ɵɵinject":"./core","inject":"./core","INJECTOR":"./core","ɵɵinvalidFactoryDep":"./core","ReflectiveInjector":"./core","ResolvedReflectiveFactory":"./core","ResolvedReflectiveProvider":"./core","ReflectiveKey":"./core","InjectionToken":"./core","createPlatform":"./core","assertPlatform":"./core","destroyPlatform":"./core","getPlatform":"./core","PlatformRef":"./core","ApplicationRef":"./core","createPlatformFactory":"./core","NgProbeToken":"./core","APP_ID":"./core","PACKAGE_ROOT_URL":"./core","PLATFORM_INITIALIZER":"./core","PLATFORM_ID":"./core","APP_BOOTSTRAP_LISTENER":"./core","APP_INITIALIZER":"./core","ApplicationInitStatus":"./core","NgZone":"./core","ɵNoopNgZone":"./core","Renderer2":"./core","RendererFactory2":"./core","RendererStyleFlags2":"./core","RendererType2":"./core","Compiler":"./core","COMPILER_OPTIONS":"./core","CompilerFactory":"./core","CompilerOptions":"./core","ModuleWithComponentFactories":"./core","ComponentFactory":"./core","ComponentRef":"./core","ComponentFactoryResolver":"./core","ElementRef":"./core","NgModuleFactory":"./core","NgModuleRef":"./core","getModuleFactory":"./core","NgModuleFactoryLoader":"./core","QueryList":"./core","SystemJsNgModuleLoader":"./core","SystemJsNgModuleLoaderConfig":"./core","TemplateRef":"./core","ViewContainerRef":"./core","EmbeddedViewRef":"./core","ViewRef":"./core","DebugElement":"./core","DebugEventListener":"./core","DebugNode":"./core","asNativeElements":"./core","getDebugNode":"./core","Predicate":"./core","GetTestability":"./core","Testability":"./core","TestabilityRegistry":"./core","setTestabilityGetter":"./core","ChangeDetectionStrategy":"./core","ChangeDetectorRef":"./core","CollectionChangeRecord":"./core","DefaultIterableDiffer":"./core","IterableChangeRecord":"./core","IterableChanges":"./core","IterableDiffer":"./core","IterableDifferFactory":"./core","IterableDiffers":"./core","KeyValueChangeRecord":"./core","KeyValueChanges":"./core","KeyValueDiffer":"./core","KeyValueDifferFactory":"./core","KeyValueDiffers":"./core","NgIterable":"./core","PipeTransform":"./core","TrackByFunction":"./core","WrappedValue":"./core","platformCore":"./core","TRANSLATIONS":"./core","TRANSLATIONS_FORMAT":"./core","LOCALE_ID":"./core","DEFAULT_CURRENCY_CODE":"./core","MissingTranslationStrategy":"./core","ApplicationModule":"./core","EventEmitter":"./core","ErrorHandler":"./core","ɵALLOW_MULTIPLE_PLATFORMS":"./core","ɵAPP_ID_RANDOM_PROVIDER":"./core","ɵdefaultIterableDiffers":"./core","ɵdefaultKeyValueDiffers":"./core","ɵdevModeEqual":"./core","ɵisListLikeIterable":"./core","ɵChangeDetectorStatus":"./core","ɵisDefaultChangeDetectionStrategy":"./core","ɵConsole":"./core","ɵgetDebugNodeR2":"./core","ɵsetCurrentInjector":"./core","ɵINJECTOR_SCOPE":"./core","ɵCurrencyIndex":"./core","ɵExtraLocaleDataIndex":"./core","ɵfindLocaleData":"./core","ɵgetLocaleCurrencyCode":"./core","ɵgetLocalePluralCase":"./core","ɵLocaleDataIndex":"./core","ɵregisterLocaleData":"./core","ɵunregisterLocaleData":"./core","ɵDEFAULT_LOCALE_ID":"./core","ɵivyEnabled":"./core","ɵComponentFactory":"./core","ɵCodegenComponentFactoryResolver":"./core","ɵclearResolutionOfComponentResourcesQueue":"./core","ɵresolveComponentResources":"./core","ɵallowSanitizationBypassAndThrow":"./core","ɵBypassType":"./core","ɵgetSanitizationBypassType":"./core","ɵSafeHtml":"./core","ɵSafeResourceUrl":"./core","ɵSafeScript":"./core","ɵSafeStyle":"./core","ɵSafeUrl":"./core","ɵSafeValue":"./core","ɵunwrapSafeValue":"./core","ɵ_sanitizeHtml":"./core","ɵ_sanitizeStyle":"./core","ɵ_sanitizeUrl":"./core","ɵclearOverrides":"./core","ɵinitServicesIfNeeded":"./core","ɵoverrideComponentView":"./core","ɵoverrideProvider":"./core","ɵNOT_FOUND_CHECK_ONLY_ELEMENT_INJECTOR":"./core","ɵcompileNgModuleFactory__POST_R3__":"./core","ɵisBoundToModule__POST_R3__":"./core","ɵSWITCH_CHANGE_DETECTOR_REF_FACTORY__POST_R3__":"./core","ɵgetDebugNode__POST_R3__":"./core","ɵSWITCH_COMPILE_INJECTABLE__POST_R3__":"./core","ɵINJECTOR_IMPL__POST_R3__":"./core","ɵcreateInjector":"./core","ɵSWITCH_IVY_ENABLED__POST_R3__":"./core","ɵCompiler_compileModuleAndAllComponentsAsync__POST_R3__":"./core","ɵCompiler_compileModuleAndAllComponentsSync__POST_R3__":"./core","ɵCompiler_compileModuleAsync__POST_R3__":"./core","ɵCompiler_compileModuleSync__POST_R3__":"./core","ɵSWITCH_ELEMENT_REF_FACTORY__POST_R3__":"./core","ɵgetModuleFactory__POST_R3__":"./core","ɵregisterNgModuleType":"./core","ɵSWITCH_TEMPLATE_REF_FACTORY__POST_R3__":"./core","ɵSWITCH_VIEW_CONTAINER_REF_FACTORY__POST_R3__":"./core","ɵSWITCH_COMPILE_COMPONENT__POST_R3__":"./core","ɵSWITCH_COMPILE_DIRECTIVE__POST_R3__":"./core","ɵSWITCH_COMPILE_PIPE__POST_R3__":"./core","ɵNgModuleDef":"./core","ɵNgModuleTransitiveScopes":"./core","ɵɵNgModuleDefWithMeta":"./core","ɵSWITCH_COMPILE_NGMODULE__POST_R3__":"./core","ɵSWITCH_RENDERER2_FACTORY__POST_R3__":"./core","ɵgetLContext":"./core","ɵNG_COMP_DEF":"./core","ɵNG_DIR_DEF":"./core","ɵNG_ELEMENT_ID":"./core","ɵNG_MOD_DEF":"./core","ɵNG_PIPE_DEF":"./core","ɵAttributeMarker":"./core","ɵComponentDef":"./core","ɵRender3ComponentFactory":"./core","ɵRender3ComponentRef":"./core","ɵComponentType":"./core","ɵCssSelectorList":"./core","ɵdetectChanges":"./core","ɵDirectiveDef":"./core","ɵDirectiveType":"./core","ɵgetDirectives":"./core","ɵgetHostElement":"./core","ɵLifecycleHooksFeature":"./core","ɵmarkDirty":"./core","ɵNgModuleFactory":"./core","ɵRender3NgModuleRef":"./core","ɵNgModuleType":"./core","ɵNO_CHANGE":"./core","ɵPipeDef":"./core","ɵrenderComponent":"./core","ɵRenderFlags":"./core","ɵsetClassMetadata":"./core","ɵsetLocaleId":"./core","ɵstore":"./core","ɵwhenRendered":"./core","ɵɵadvance":"./core","ɵɵattribute":"./core","ɵɵattributeInterpolate1":"./core","ɵɵattributeInterpolate2":"./core","ɵɵattributeInterpolate3":"./core","ɵɵattributeInterpolate4":"./core","ɵɵattributeInterpolate5":"./core","ɵɵattributeInterpolate6":"./core","ɵɵattributeInterpolate7":"./core","ɵɵattributeInterpolate8":"./core","ɵɵattributeInterpolateV":"./core","ɵɵclassMap":"./core","ɵɵclassMapInterpolate1":"./core","ɵɵclassMapInterpolate2":"./core","ɵɵclassMapInterpolate3":"./core","ɵɵclassMapInterpolate4":"./core","ɵɵclassMapInterpolate5":"./core","ɵɵclassMapInterpolate6":"./core","ɵɵclassMapInterpolate7":"./core","ɵɵclassMapInterpolate8":"./core","ɵɵclassMapInterpolateV":"./core","ɵɵclassProp":"./core","ɵɵComponentDefWithMeta":"./core","ɵɵcomponentHostSyntheticListener":"./core","ɵɵcontentQuery":"./core","ɵɵCopyDefinitionFeature":"./core","ɵɵdefineComponent":"./core","ɵɵdefineDirective":"./core","ɵɵdefineNgModule":"./core","ɵɵdefinePipe":"./core","ɵɵDirectiveDefWithMeta":"./core","ɵɵdirectiveInject":"./core","ɵɵdisableBindings":"./core","ɵɵelement":"./core","ɵɵelementContainer":"./core","ɵɵelementContainerEnd":"./core","ɵɵelementContainerStart":"./core","ɵɵelementEnd":"./core","ɵɵelementStart":"./core","ɵɵenableBindings":"./core","ɵɵFactoryDef":"./core","ɵɵgetCurrentView":"./core","ɵɵgetFactoryOf":"./core","ɵɵgetInheritedFactory":"./core","ɵɵhostProperty":"./core","ɵɵi18n":"./core","ɵɵi18nApply":"./core","ɵɵi18nAttributes":"./core","ɵɵi18nEnd":"./core","ɵɵi18nExp":"./core","ɵɵi18nPostprocess":"./core","ɵɵi18nStart":"./core","ɵɵInheritDefinitionFeature":"./core","ɵɵinjectAttribute":"./core","ɵɵinjectPipeChangeDetectorRef":"./core","ɵɵinvalidFactory":"./core","ɵɵlistener":"./core","ɵɵloadQuery":"./core","ɵɵnamespaceHTML":"./core","ɵɵnamespaceMathML":"./core","ɵɵnamespaceSVG":"./core","ɵɵnextContext":"./core","ɵɵNgOnChangesFeature":"./core","ɵɵpipe":"./core","ɵɵpipeBind1":"./core","ɵɵpipeBind2":"./core","ɵɵpipeBind3":"./core","ɵɵpipeBind4":"./core","ɵɵpipeBindV":"./core","ɵɵPipeDefWithMeta":"./core","ɵɵprojection":"./core","ɵɵprojectionDef":"./core","ɵɵproperty":"./core","ɵɵpropertyInterpolate":"./core","ɵɵpropertyInterpolate1":"./core","ɵɵpropertyInterpolate2":"./core","ɵɵpropertyInterpolate3":"./core","ɵɵpropertyInterpolate4":"./core","ɵɵpropertyInterpolate5":"./core","ɵɵpropertyInterpolate6":"./core","ɵɵpropertyInterpolate7":"./core","ɵɵpropertyInterpolate8":"./core","ɵɵpropertyInterpolateV":"./core","ɵɵProvidersFeature":"./core","ɵɵpureFunction0":"./core","ɵɵpureFunction1":"./core","ɵɵpureFunction2":"./core","ɵɵpureFunction3":"./core","ɵɵpureFunction4":"./core","ɵɵpureFunction5":"./core","ɵɵpureFunction6":"./core","ɵɵpureFunction7":"./core","ɵɵpureFunction8":"./core","ɵɵpureFunctionV":"./core","ɵɵqueryRefresh":"./core","ɵɵreference":"./core","ɵɵresolveBody":"./core","ɵɵresolveDocument":"./core","ɵɵresolveWindow":"./core","ɵɵrestoreView":"./core","ɵɵselect":"./core","ɵɵsetComponentScope":"./core","ɵɵsetNgModuleScope":"./core","ɵɵstaticContentQuery":"./core","ɵɵstaticViewQuery":"./core","ɵɵstyleMap":"./core","ɵɵstyleMapInterpolate1":"./core","ɵɵstyleMapInterpolate2":"./core","ɵɵstyleMapInterpolate3":"./core","ɵɵstyleMapInterpolate4":"./core","ɵɵstyleMapInterpolate5":"./core","ɵɵstyleMapInterpolate6":"./core","ɵɵstyleMapInterpolate7":"./core","ɵɵstyleMapInterpolate8":"./core","ɵɵstyleMapInterpolateV":"./core","ɵɵstyleProp":"./core","ɵɵstylePropInterpolate1":"./core","ɵɵstylePropInterpolate2":"./core","ɵɵstylePropInterpolate3":"./core","ɵɵstylePropInterpolate4":"./core","ɵɵstylePropInterpolate5":"./core","ɵɵstylePropInterpolate6":"./core","ɵɵstylePropInterpolate7":"./core","ɵɵstylePropInterpolate8":"./core","ɵɵstylePropInterpolateV":"./core","ɵɵstyleSanitizer":"./core","ɵɵtemplate":"./core","ɵɵtemplateRefExtractor":"./core","ɵɵtext":"./core","ɵɵtextInterpolate":"./core","ɵɵtextInterpolate1":"./core","ɵɵtextInterpolate2":"./core","ɵɵtextInterpolate3":"./core","ɵɵtextInterpolate4":"./core","ɵɵtextInterpolate5":"./core","ɵɵtextInterpolate6":"./core","ɵɵtextInterpolate7":"./core","ɵɵtextInterpolate8":"./core","ɵɵtextInterpolateV":"./core","ɵɵupdateSyntheticHostBinding":"./core","ɵɵviewQuery":"./core","ɵLContext":"./core","ɵsetDocument":"./core","ɵPlayer":"./core","ɵPlayerFactory":"./core","ɵPlayerHandler":"./core","ɵPlayState":"./core","ɵcompileComponent":"./core","ɵcompileDirective":"./core","ɵresetJitOptions":"./core","ɵcompileNgModule":"./core","ɵcompileNgModuleDefs":"./core","ɵflushModuleScopingQueueAsMuchAsPossible":"./core","ɵpatchComponentDefWithScope":"./core","ɵresetCompiledComponents":"./core","ɵtransitiveScopesFor":"./core","ɵcompilePipe":"./core","ɵpublishDefaultGlobalUtils":"./core","ɵpublishGlobalUtil":"./core","ɵbypassSanitizationTrustHtml":"./core","ɵbypassSanitizationTrustResourceUrl":"./core","ɵbypassSanitizationTrustScript":"./core","ɵbypassSanitizationTrustStyle":"./core","ɵbypassSanitizationTrustUrl":"./core","ɵɵdefaultStyleSanitizer":"./core","ɵɵsanitizeHtml":"./core","ɵɵsanitizeResourceUrl":"./core","ɵɵsanitizeScript":"./core","ɵɵsanitizeStyle":"./core","ɵɵsanitizeUrl":"./core","ɵɵsanitizeUrlOrResourceUrl":"./core","SecurityContext":"./core","Sanitizer":"./core","ɵregisterModuleFactory":"./core","ɵand":"./core","ɵArgumentType":"./core","ɵBindingFlags":"./core","ɵccf":"./core","ɵcmf":"./core","ɵcrt":"./core","ɵDepFlags":"./core","ɵdid":"./core","ɵeld":"./core","ɵEMPTY_ARRAY":"./core","ɵEMPTY_MAP":"./core","ɵgetComponentViewDefinitionFactory":"./core","ɵinlineInterpolate":"./core","ɵinterpolate":"./core","ɵmod":"./core","ɵmpd":"./core","ɵncd":"./core","ɵNodeFlags":"./core","ɵnov":"./core","ɵpid":"./core","ɵprd":"./core","ɵpad":"./core","ɵpod":"./core","ɵppd":"./core","ɵQueryBindingType":"./core","ɵqud":"./core","ɵQueryValueType":"./core","ɵted":"./core","ɵunv":"./core","ɵvid":"./core","ɵViewDefinition":"./core","ɵViewFlags":"./core","ɵangular_packages_core_core_bl":"./core","ɵangular_packages_core_core_bm":"./core","ɵangular_packages_core_core_bn":"./core","ɵangular_packages_core_core_bo":"./core","ɵangular_packages_core_core_bp":"./core","ɵangular_packages_core_core_bq":"./core"},"importAs":"@angular/core"}