{"__symbolic":"module","version":4,"metadata":{"ɵangular_packages_forms_forms_a":[{"__symbolic":"reference","name":"ɵangular_packages_forms_forms_y"},{"__symbolic":"reference","name":"NgSelectOption"},{"__symbolic":"reference","name":"ɵangular_packages_forms_forms_x"},{"__symbolic":"reference","name":"DefaultValueAccessor"},{"__symbolic":"reference","name":"NumberValueAccessor"},{"__symbolic":"reference","name":"RangeValueAccessor"},{"__symbolic":"reference","name":"CheckboxControlValueAccessor"},{"__symbolic":"reference","name":"SelectControlValueAccessor"},{"__symbolic":"reference","name":"SelectMultipleControlValueAccessor"},{"__symbolic":"reference","name":"RadioControlValueAccessor"},{"__symbolic":"reference","name":"NgControlStatus"},{"__symbolic":"reference","name":"NgControlStatusGroup"},{"__symbolic":"reference","name":"RequiredValidator"},{"__symbolic":"reference","name":"MinLengthValidator"},{"__symbolic":"reference","name":"MaxLengthValidator"},{"__symbolic":"reference","name":"PatternValidator"},{"__symbolic":"reference","name":"CheckboxRequiredValidator"},{"__symbolic":"reference","name":"EmailValidator"}],"ɵangular_packages_forms_forms_b":[{"__symbolic":"reference","name":"NgModel"},{"__symbolic":"reference","name":"NgModelGroup"},{"__symbolic":"reference","name":"NgForm"}],"ɵangular_packages_forms_forms_c":[{"__symbolic":"reference","name":"FormControlDirective"},{"__symbolic":"reference","name":"FormGroupDirective"},{"__symbolic":"reference","name":"FormControlName"},{"__symbolic":"reference","name":"FormGroupName"},{"__symbolic":"reference","name":"FormArrayName"}],"ɵangular_packages_forms_forms_d":{"__symbolic":"class","decorators":[{"__symbolic":"call","expression":{"__symbolic":"reference","module":"@angular/core","name":"NgModule","line":75,"character":1},"arguments":[{"declarations":{"__symbolic":"reference","name":"ɵangular_packages_forms_forms_a"},"exports":{"__symbolic":"reference","name":"ɵangular_packages_forms_forms_a"}}]}],"members":{}},"ɵangular_packages_forms_forms_e":{"provide":{"__symbolic":"reference","name":"NG_VALUE_ACCESSOR"},"useExisting":{"__symbolic":"reference","name":"CheckboxControlValueAccessor"},"multi":true},"ɵangular_packages_forms_forms_f":{"provide":{"__symbolic":"reference","name":"NG_VALUE_ACCESSOR"},"useExisting":{"__symbolic":"reference","name":"DefaultValueAccessor"},"multi":true},"ɵangular_packages_forms_forms_g":{"__symbolic":"class","members":{"__ctor__":[{"__symbolic":"constructor","parameters":[{"__symbolic":"reference","name":"AbstractControlDirective"}]}]}},"ɵangular_packages_forms_forms_h":{"[class.ng-untouched]":"ngClassUntouched","[class.ng-touched]":"ngClassTouched","[class.ng-pristine]":"ngClassPristine","[class.ng-dirty]":"ngClassDirty","[class.ng-valid]":"ngClassValid","[class.ng-invalid]":"ngClassInvalid","[class.ng-pending]":"ngClassPending","$quoted$":["[class.ng-untouched]","[class.ng-touched]","[class.ng-pristine]","[class.ng-dirty]","[class.ng-valid]","[class.ng-invalid]","[class.ng-pending]"]},"ɵangular_packages_forms_forms_i":{"provide":{"__symbolic":"reference","name":"ControlContainer"},"useExisting":{"__symbolic":"reference","name":"NgForm"}},"ɵangular_packages_forms_forms_j":{"provide":{"__symbolic":"reference","name":"NgControl"},"useExisting":{"__symbolic":"reference","name":"NgModel"}},"ɵangular_packages_forms_forms_k":{"provide":{"__symbolic":"reference","name":"ControlContainer"},"useExisting":{"__symbolic":"reference","name":"NgModelGroup"}},"ɵangular_packages_forms_forms_l":{"provide":{"__symbolic":"reference","name":"NG_VALUE_ACCESSOR"},"useExisting":{"__symbolic":"reference","name":"NumberValueAccessor"},"multi":true},"ɵangular_packages_forms_forms_m":{"provide":{"__symbolic":"reference","name":"NG_VALUE_ACCESSOR"},"useExisting":{"__symbolic":"reference","name":"RadioControlValueAccessor"},"multi":true},"ɵangular_packages_forms_forms_n":{"__symbolic":"class","decorators":[{"__symbolic":"call","expression":{"__symbolic":"reference","module":"@angular/core","name":"Injectable","line":23,"character":1}}],"members":{"add":[{"__symbolic":"method"}],"remove":[{"__symbolic":"method"}],"select":[{"__symbolic":"method"}],"_isSameGroup":[{"__symbolic":"method"}]}},"ɵangular_packages_forms_forms_o":{"provide":{"__symbolic":"reference","name":"NG_VALUE_ACCESSOR"},"useExisting":{"__symbolic":"reference","name":"RangeValueAccessor"},"multi":true},"ɵangular_packages_forms_forms_p":{"__symbolic":"new","expression":{"__symbolic":"reference","module":"@angular/core","name":"InjectionToken","line":23,"character":8},"arguments":["NgModelWithFormControlWarning"]},"ɵangular_packages_forms_forms_q":{"provide":{"__symbolic":"reference","name":"NgControl"},"useExisting":{"__symbolic":"reference","name":"FormControlDirective"}},"ɵangular_packages_forms_forms_r":{"provide":{"__symbolic":"reference","name":"NgControl"},"useExisting":{"__symbolic":"reference","name":"FormControlName"}},"ɵangular_packages_forms_forms_s":{"provide":{"__symbolic":"reference","name":"ControlContainer"},"useExisting":{"__symbolic":"reference","name":"FormGroupDirective"}},"ɵangular_packages_forms_forms_t":{"provide":{"__symbolic":"reference","name":"ControlContainer"},"useExisting":{"__symbolic":"reference","name":"FormGroupName"}},"ɵangular_packages_forms_forms_u":{"provide":{"__symbolic":"reference","name":"ControlContainer"},"useExisting":{"__symbolic":"reference","name":"FormArrayName"}},"ɵangular_packages_forms_forms_v":{"provide":{"__symbolic":"reference","name":"NG_VALUE_ACCESSOR"},"useExisting":{"__symbolic":"reference","name":"SelectControlValueAccessor"},"multi":true},"ɵangular_packages_forms_forms_w":{"provide":{"__symbolic":"reference","name":"NG_VALUE_ACCESSOR"},"useExisting":{"__symbolic":"reference","name":"SelectMultipleControlValueAccessor"},"multi":true},"ɵangular_packages_forms_forms_x":{"__symbolic":"class","decorators":[{"__symbolic":"call","expression":{"__symbolic":"reference","module":"@angular/core","name":"Directive","line":233,"character":1},"arguments":[{"selector":"option"}]}],"members":{"__ctor__":[{"__symbolic":"constructor","parameterDecorators":[null,null,[{"__symbolic":"call","expression":{"__symbolic":"reference","module":"@angular/core","name":"Optional","line":242,"character":7}},{"__symbolic":"call","expression":{"__symbolic":"reference","module":"@angular/core","name":"Host","line":242,"character":19}}]],"parameters":[{"__symbolic":"reference","module":"@angular/core","name":"ElementRef","line":122,"character":65},{"__symbolic":"reference","module":"@angular/core","name":"Renderer2","line":122,"character":33},{"__symbolic":"reference","name":"SelectMultipleControlValueAccessor"}]}],"ngValue":[{"__symbolic":"property","decorators":[{"__symbolic":"call","expression":{"__symbolic":"reference","module":"@angular/core","name":"Input","line":253,"character":3},"arguments":["ngValue"]}]}],"value":[{"__symbolic":"property","decorators":[{"__symbolic":"call","expression":{"__symbolic":"reference","module":"@angular/core","name":"Input","line":266,"character":3},"arguments":["value"]}]}],"_setElementValue":[{"__symbolic":"method"}],"_setSelected":[{"__symbolic":"method"}],"ngOnDestroy":[{"__symbolic":"method"}]}},"ɵangular_packages_forms_forms_y":{"__symbolic":"class","decorators":[{"__symbolic":"call","expression":{"__symbolic":"reference","module":"@angular/core","name":"Directive","line":27,"character":1},"arguments":[{"selector":"form:not([ngNoForm]):not([ngNativeValidate])","host":{"novalidate":"","$quoted$":["novalidate"]}}]}],"members":{}},"ɵangular_packages_forms_forms_z":{"provide":{"__symbolic":"reference","name":"NG_VALIDATORS"},"useExisting":{"__symbolic":"reference","name":"RequiredValidator"},"multi":true},"ɵangular_packages_forms_forms_ba":{"provide":{"__symbolic":"reference","name":"NG_VALIDATORS"},"useExisting":{"__symbolic":"reference","name":"CheckboxRequiredValidator"},"multi":true},"ɵangular_packages_forms_forms_bb":{"provide":{"__symbolic":"reference","name":"NG_VALIDATORS"},"useExisting":{"__symbolic":"reference","name":"EmailValidator"},"multi":true},"ɵangular_packages_forms_forms_bc":{"provide":{"__symbolic":"reference","name":"NG_VALIDATORS"},"useExisting":{"__symbolic":"reference","name":"MinLengthValidator"},"multi":true},"ɵangular_packages_forms_forms_bd":{"provide":{"__symbolic":"reference","name":"NG_VALIDATORS"},"useExisting":{"__symbolic":"reference","name":"MaxLengthValidator"},"multi":true},"ɵangular_packages_forms_forms_be":{"provide":{"__symbolic":"reference","name":"NG_VALIDATORS"},"useExisting":{"__symbolic":"reference","name":"PatternValidator"},"multi":true},"AbstractControlDirective":{"__symbolic":"class","members":{"reset":[{"__symbolic":"method"}],"hasError":[{"__symbolic":"method"}],"getError":[{"__symbolic":"method"}]}},"AbstractFormGroupDirective":{"__symbolic":"class","extends":{"__symbolic":"reference","name":"ControlContainer"},"members":{"ngOnInit":[{"__symbolic":"method"}],"ngOnDestroy":[{"__symbolic":"method"}],"_checkParentType":[{"__symbolic":"method"}]}},"CheckboxControlValueAccessor":{"__symbolic":"class","decorators":[{"__symbolic":"call","expression":{"__symbolic":"reference","module":"@angular/core","name":"Directive","line":41,"character":1},"arguments":[{"selector":"input[type=checkbox][formControlName],input[type=checkbox][formControl],input[type=checkbox][ngModel]","host":{"(change)":"onChange($event.target.checked)","(blur)":"onTouched()","$quoted$":["(change)","(blur)"]},"providers":[{"__symbolic":"reference","name":"ɵangular_packages_forms_forms_e"}]}]}],"members":{"__ctor__":[{"__symbolic":"constructor","parameters":[{"__symbolic":"reference","module":"@angular/core","name":"Renderer2","line":60,"character":33},{"__symbolic":"reference","module":"@angular/core","name":"ElementRef","line":60,"character":65}]}],"writeValue":[{"__symbolic":"method"}],"registerOnChange":[{"__symbolic":"method"}],"registerOnTouched":[{"__symbolic":"method"}],"setDisabledState":[{"__symbolic":"method"}]}},"ControlContainer":{"__symbolic":"class","extends":{"__symbolic":"reference","name":"AbstractControlDirective"},"members":{}},"ControlValueAccessor":{"__symbolic":"interface"},"NG_VALUE_ACCESSOR":{"__symbolic":"new","expression":{"__symbolic":"reference","module":"@angular/core","name":"InjectionToken","line":140,"character":37},"arguments":["NgValueAccessor"]},"COMPOSITION_BUFFER_MODE":{"__symbolic":"new","expression":{"__symbolic":"reference","module":"@angular/core","name":"InjectionToken","line":34,"character":43},"arguments":["CompositionEventMode"]},"DefaultValueAccessor":{"__symbolic":"class","decorators":[{"__symbolic":"call","expression":{"__symbolic":"reference","module":"@angular/core","name":"Directive","line":61,"character":1},"arguments":[{"selector":"input:not([type=checkbox])[formControlName],textarea[formControlName],input:not([type=checkbox])[formControl],textarea[formControl],input:not([type=checkbox])[ngModel],textarea[ngModel],[ngDefaultControl]","host":{"(input)":"$any(this)._handleInput($event.target.value)","(blur)":"onTouched()","(compositionstart)":"$any(this)._compositionStart()","(compositionend)":"$any(this)._compositionEnd($event.target.value)","$quoted$":["(input)","(blur)","(compositionstart)","(compositionend)"]},"providers":[{"__symbolic":"reference","name":"ɵangular_packages_forms_forms_f"}]}]}],"members":{"__ctor__":[{"__symbolic":"constructor","parameterDecorators":[null,null,[{"__symbolic":"call","expression":{"__symbolic":"reference","module":"@angular/core","name":"Optional","line":93,"character":7}},{"__symbolic":"call","expression":{"__symbolic":"reference","module":"@angular/core","name":"Inject","line":93,"character":19},"arguments":[{"__symbolic":"reference","name":"COMPOSITION_BUFFER_MODE"}]}]],"parameters":[{"__symbolic":"reference","module":"@angular/core","name":"Renderer2","line":92,"character":25},{"__symbolic":"reference","module":"@angular/core","name":"ElementRef","line":92,"character":57},{"__symbolic":"reference","name":"boolean"}]}],"writeValue":[{"__symbolic":"method"}],"registerOnChange":[{"__symbolic":"method"}],"registerOnTouched":[{"__symbolic":"method"}],"setDisabledState":[{"__symbolic":"method"}],"_handleInput":[{"__symbolic":"method"}],"_compositionStart":[{"__symbolic":"method"}],"_compositionEnd":[{"__symbolic":"method"}]}},"Form":{"__symbolic":"interface"},"NgControl":{"__symbolic":"class","extends":{"__symbolic":"reference","name":"AbstractControlDirective"},"members":{"viewToModelUpdate":[{"__symbolic":"method"}]}},"NgControlStatus":{"__symbolic":"class","extends":{"__symbolic":"reference","name":"ɵangular_packages_forms_forms_g"},"decorators":[{"__symbolic":"call","expression":{"__symbolic":"reference","module":"@angular/core","name":"Directive","line":77,"character":1},"arguments":[{"selector":"[formControlName],[ngModel],[formControl]","host":{"__symbolic":"reference","name":"ɵangular_packages_forms_forms_h"}}]}],"members":{"__ctor__":[{"__symbolic":"constructor","parameterDecorators":[[{"__symbolic":"call","expression":{"__symbolic":"reference","module":"@angular/core","name":"Self","line":79,"character":15}}]],"parameters":[{"__symbolic":"reference","name":"NgControl"}]}]}},"NgControlStatusGroup":{"__symbolic":"class","extends":{"__symbolic":"reference","name":"ɵangular_packages_forms_forms_g"},"decorators":[{"__symbolic":"call","expression":{"__symbolic":"reference","module":"@angular/core","name":"Directive","line":95,"character":1},"arguments":[{"selector":"[formGroupName],[formArrayName],[ngModelGroup],[formGroup],form:not([ngNoForm]),[ngForm]","host":{"__symbolic":"reference","name":"ɵangular_packages_forms_forms_h"}}]}],"members":{"__ctor__":[{"__symbolic":"constructor","parameterDecorators":[[{"__symbolic":"call","expression":{"__symbolic":"reference","module":"@angular/core","name":"Self","line":101,"character":15}}]],"parameters":[{"__symbolic":"reference","name":"ControlContainer"}]}]}},"NgForm":{"__symbolic":"class","extends":{"__symbolic":"reference","name":"ControlContainer"},"decorators":[{"__symbolic":"call","expression":{"__symbolic":"reference","module":"@angular/core","name":"Directive","line":91,"character":1},"arguments":[{"selector":"form:not([ngNoForm]):not([formGroup]),ng-form,[ngForm]","providers":[{"__symbolic":"reference","name":"ɵangular_packages_forms_forms_i"}],"host":{"(submit)":"onSubmit($event)","(reset)":"onReset()","$quoted$":["(submit)","(reset)"]},"outputs":["ngSubmit"],"exportAs":"ngForm"}]}],"members":{"options":[{"__symbolic":"property","decorators":[{"__symbolic":"call","expression":{"__symbolic":"reference","module":"@angular/core","name":"Input","line":129,"character":3},"arguments":["ngFormOptions"]}]}],"__ctor__":[{"__symbolic":"constructor","parameterDecorators":[[{"__symbolic":"call","expression":{"__symbolic":"reference","module":"@angular/core","name":"Optional","line":132,"character":7}},{"__symbolic":"call","expression":{"__symbolic":"reference","module":"@angular/core","name":"Self","line":132,"character":19}},{"__symbolic":"call","expression":{"__symbolic":"reference","module":"@angular/core","name":"Inject","line":132,"character":27},"arguments":[{"__symbolic":"reference","name":"NG_VALIDATORS"}]}],[{"__symbolic":"call","expression":{"__symbolic":"reference","module":"@angular/core","name":"Optional","line":133,"character":7}},{"__symbolic":"call","expression":{"__symbolic":"reference","module":"@angular/core","name":"Self","line":133,"character":19}},{"__symbolic":"call","expression":{"__symbolic":"reference","module":"@angular/core","name":"Inject","line":133,"character":27},"arguments":[{"__symbolic":"reference","name":"NG_ASYNC_VALIDATORS"}]}]],"parameters":[{"__symbolic":"reference","name":"Array","arguments":[{"__symbolic":"reference","name":"any"}]},{"__symbolic":"reference","name":"Array","arguments":[{"__symbolic":"reference","name":"any"}]}]}],"ngAfterViewInit":[{"__symbolic":"method"}],"addControl":[{"__symbolic":"method"}],"getControl":[{"__symbolic":"method"}],"removeControl":[{"__symbolic":"method"}],"addFormGroup":[{"__symbolic":"method"}],"removeFormGroup":[{"__symbolic":"method"}],"getFormGroup":[{"__symbolic":"method"}],"updateModel":[{"__symbolic":"method"}],"setValue":[{"__symbolic":"method"}],"onSubmit":[{"__symbolic":"method"}],"onReset":[{"__symbolic":"method"}],"resetForm":[{"__symbolic":"method"}],"_setUpdateStrategy":[{"__symbolic":"method"}],"_findContainer":[{"__symbolic":"method"}]}},"NgModel":{"__symbolic":"class","extends":{"__symbolic":"reference","name":"NgControl"},"decorators":[{"__symbolic":"call","expression":{"__symbolic":"reference","module":"@angular/core","name":"Directive","line":130,"character":1},"arguments":[{"selector":"[ngModel]:not([formControlName]):not([formControl])","providers":[{"__symbolic":"reference","name":"ɵangular_packages_forms_forms_j"}],"exportAs":"ngModel"}]}],"members":{"name":[{"__symbolic":"property","decorators":[{"__symbolic":"call","expression":{"__symbolic":"reference","module":"@angular/core","name":"Input","line":162,"character":3}}]}],"isDisabled":[{"__symbolic":"property","decorators":[{"__symbolic":"call","expression":{"__symbolic":"reference","module":"@angular/core","name":"Input","line":169,"character":3},"arguments":["disabled"]}]}],"model":[{"__symbolic":"property","decorators":[{"__symbolic":"call","expression":{"__symbolic":"reference","module":"@angular/core","name":"Input","line":175,"character":3},"arguments":["ngModel"]}]}],"options":[{"__symbolic":"property","decorators":[{"__symbolic":"call","expression":{"__symbolic":"reference","module":"@angular/core","name":"Input","line":193,"character":3},"arguments":["ngModelOptions"]}]}],"update":[{"__symbolic":"property","decorators":[{"__symbolic":"call","expression":{"__symbolic":"reference","module":"@angular/core","name":"Output","line":200,"character":3},"arguments":["ngModelChange"]}]}],"__ctor__":[{"__symbolic":"constructor","parameterDecorators":[[{"__symbolic":"call","expression":{"__symbolic":"reference","module":"@angular/core","name":"Optional","line":203,"character":7}},{"__symbolic":"call","expression":{"__symbolic":"reference","module":"@angular/core","name":"Host","line":203,"character":19}}],[{"__symbolic":"call","expression":{"__symbolic":"reference","module":"@angular/core","name":"Optional","line":204,"character":7}},{"__symbolic":"call","expression":{"__symbolic":"reference","module":"@angular/core","name":"Self","line":204,"character":19}},{"__symbolic":"call","expression":{"__symbolic":"reference","module":"@angular/core","name":"Inject","line":204,"character":27},"arguments":[{"__symbolic":"reference","name":"NG_VALIDATORS"}]}],[{"__symbolic":"call","expression":{"__symbolic":"reference","module":"@angular/core","name":"Optional","line":205,"character":7}},{"__symbolic":"call","expression":{"__symbolic":"reference","module":"@angular/core","name":"Self","line":205,"character":19}},{"__symbolic":"call","expression":{"__symbolic":"reference","module":"@angular/core","name":"Inject","line":205,"character":27},"arguments":[{"__symbolic":"reference","name":"NG_ASYNC_VALIDATORS"}]}],[{"__symbolic":"call","expression":{"__symbolic":"reference","module":"@angular/core","name":"Optional","line":207,"character":7}},{"__symbolic":"call","expression":{"__symbolic":"reference","module":"@angular/core","name":"Self","line":207,"character":19}},{"__symbolic":"call","expression":{"__symbolic":"reference","module":"@angular/core","name":"Inject","line":207,"character":27},"arguments":[{"__symbolic":"reference","name":"NG_VALUE_ACCESSOR"}]}]],"parameters":[{"__symbolic":"reference","name":"ControlContainer"},{"__symbolic":"reference","name":"Array","arguments":[{"__symbolic":"reference","name":"AsyncValidator"}]},{"__symbolic":"reference","name":"Array","arguments":[{"__symbolic":"reference","name":"AsyncValidator"}]},{"__symbolic":"reference","name":"Array","arguments":[{"__symbolic":"reference","name":"ControlValueAccessor"}]}]}],"ngOnChanges":[{"__symbolic":"method"}],"ngOnDestroy":[{"__symbolic":"method"}],"viewToModelUpdate":[{"__symbolic":"method"}],"_setUpControl":[{"__symbolic":"method"}],"_setUpdateStrategy":[{"__symbolic":"method"}],"_isStandalone":[{"__symbolic":"method"}],"_setUpStandalone":[{"__symbolic":"method"}],"_checkForErrors":[{"__symbolic":"method"}],"_checkParentType":[{"__symbolic":"method"}],"_checkName":[{"__symbolic":"method"}],"_updateValue":[{"__symbolic":"method"}],"_updateDisabled":[{"__symbolic":"method"}]}},"NgModelGroup":{"__symbolic":"class","extends":{"__symbolic":"reference","name":"AbstractFormGroupDirective"},"decorators":[{"__symbolic":"call","expression":{"__symbolic":"reference","module":"@angular/core","name":"Directive","line":48,"character":1},"arguments":[{"selector":"[ngModelGroup]","providers":[{"__symbolic":"reference","name":"ɵangular_packages_forms_forms_k"}],"exportAs":"ngModelGroup"}]}],"members":{"name":[{"__symbolic":"property","decorators":[{"__symbolic":"call","expression":{"__symbolic":"reference","module":"@angular/core","name":"Input","line":56,"character":3},"arguments":["ngModelGroup"]}]}],"__ctor__":[{"__symbolic":"constructor","parameterDecorators":[[{"__symbolic":"call","expression":{"__symbolic":"reference","module":"@angular/core","name":"Host","line":59,"character":7}},{"__symbolic":"call","expression":{"__symbolic":"reference","module":"@angular/core","name":"SkipSelf","line":59,"character":15}}],[{"__symbolic":"call","expression":{"__symbolic":"reference","module":"@angular/core","name":"Optional","line":60,"character":7}},{"__symbolic":"call","expression":{"__symbolic":"reference","module":"@angular/core","name":"Self","line":60,"character":19}},{"__symbolic":"call","expression":{"__symbolic":"reference","module":"@angular/core","name":"Inject","line":60,"character":27},"arguments":[{"__symbolic":"reference","name":"NG_VALIDATORS"}]}],[{"__symbolic":"call","expression":{"__symbolic":"reference","module":"@angular/core","name":"Optional","line":61,"character":7}},{"__symbolic":"call","expression":{"__symbolic":"reference","module":"@angular/core","name":"Self","line":61,"character":19}},{"__symbolic":"call","expression":{"__symbolic":"reference","module":"@angular/core","name":"Inject","line":61,"character":27},"arguments":[{"__symbolic":"reference","name":"NG_ASYNC_VALIDATORS"}]}]],"parameters":[{"__symbolic":"reference","name":"ControlContainer"},{"__symbolic":"reference","name":"Array","arguments":[{"__symbolic":"reference","name":"any"}]},{"__symbolic":"reference","name":"Array","arguments":[{"__symbolic":"reference","name":"any"}]}]}],"_checkParentType":[{"__symbolic":"method"}]}},"NumberValueAccessor":{"__symbolic":"class","decorators":[{"__symbolic":"call","expression":{"__symbolic":"reference","module":"@angular/core","name":"Directive","line":42,"character":1},"arguments":[{"selector":"input[type=number][formControlName],input[type=number][formControl],input[type=number][ngModel]","host":{"(change)":"onChange($event.target.value)","(input)":"onChange($event.target.value)","(blur)":"onTouched()","$quoted$":["(change)","(input)","(blur)"]},"providers":[{"__symbolic":"reference","name":"ɵangular_packages_forms_forms_l"}]}]}],"members":{"__ctor__":[{"__symbolic":"constructor","parameters":[{"__symbolic":"reference","module":"@angular/core","name":"Renderer2","line":66,"character":33},{"__symbolic":"reference","module":"@angular/core","name":"ElementRef","line":66,"character":65}]}],"writeValue":[{"__symbolic":"method"}],"registerOnChange":[{"__symbolic":"method"}],"registerOnTouched":[{"__symbolic":"method"}],"setDisabledState":[{"__symbolic":"method"}]}},"RadioControlValueAccessor":{"__symbolic":"class","decorators":[{"__symbolic":"call","expression":{"__symbolic":"reference","module":"@angular/core","name":"Directive","line":89,"character":1},"arguments":[{"selector":"input[type=radio][formControlName],input[type=radio][formControl],input[type=radio][ngModel]","host":{"(change)":"onChange()","(blur)":"onTouched()","$quoted$":["(change)","(blur)"]},"providers":[{"__symbolic":"reference","name":"ɵangular_packages_forms_forms_m"}]}]}],"members":{"name":[{"__symbolic":"property","decorators":[{"__symbolic":"call","expression":{"__symbolic":"reference","module":"@angular/core","name":"Input","line":123,"character":3}}]}],"formControlName":[{"__symbolic":"property","decorators":[{"__symbolic":"call","expression":{"__symbolic":"reference","module":"@angular/core","name":"Input","line":131,"character":3}}]}],"value":[{"__symbolic":"property","decorators":[{"__symbolic":"call","expression":{"__symbolic":"reference","module":"@angular/core","name":"Input","line":137,"character":3}}]}],"__ctor__":[{"__symbolic":"constructor","parameters":[{"__symbolic":"reference","module":"@angular/core","name":"Renderer2","line":140,"character":25},{"__symbolic":"reference","module":"@angular/core","name":"ElementRef","line":140,"character":57},{"__symbolic":"reference","name":"ɵangular_packages_forms_forms_n"},{"__symbolic":"reference","module":"@angular/core","name":"Injector","line":141,"character":66}]}],"ngOnInit":[{"__symbolic":"method"}],"ngOnDestroy":[{"__symbolic":"method"}],"writeValue":[{"__symbolic":"method"}],"registerOnChange":[{"__symbolic":"method"}],"fireUncheck":[{"__symbolic":"method"}],"registerOnTouched":[{"__symbolic":"method"}],"setDisabledState":[{"__symbolic":"method"}],"_checkName":[{"__symbolic":"method"}],"_throwNameError":[{"__symbolic":"method"}]}},"RangeValueAccessor":{"__symbolic":"class","decorators":[{"__symbolic":"call","expression":{"__symbolic":"reference","module":"@angular/core","name":"Directive","line":42,"character":1},"arguments":[{"selector":"input[type=range][formControlName],input[type=range][formControl],input[type=range][ngModel]","host":{"(change)":"onChange($event.target.value)","(input)":"onChange($event.target.value)","(blur)":"onTouched()","$quoted$":["(change)","(input)","(blur)"]},"providers":[{"__symbolic":"reference","name":"ɵangular_packages_forms_forms_o"}]}]}],"members":{"__ctor__":[{"__symbolic":"constructor","parameters":[{"__symbolic":"reference","module":"@angular/core","name":"Renderer2","line":66,"character":33},{"__symbolic":"reference","module":"@angular/core","name":"ElementRef","line":66,"character":65}]}],"writeValue":[{"__symbolic":"method"}],"registerOnChange":[{"__symbolic":"method"}],"registerOnTouched":[{"__symbolic":"method"}],"setDisabledState":[{"__symbolic":"method"}]}},"FormControlDirective":{"__symbolic":"class","extends":{"__symbolic":"reference","name":"NgControl"},"decorators":[{"__symbolic":"call","expression":{"__symbolic":"reference","module":"@angular/core","name":"Directive","line":52,"character":1},"arguments":[{"selector":"[formControl]","providers":[{"__symbolic":"reference","name":"ɵangular_packages_forms_forms_q"}],"exportAs":"ngForm"}]}],"members":{"form":[{"__symbolic":"property","decorators":[{"__symbolic":"call","expression":{"__symbolic":"reference","module":"@angular/core","name":"Input","line":66,"character":3},"arguments":["formControl"]}]}],"isDisabled":[{"__symbolic":"property","decorators":[{"__symbolic":"call","expression":{"__symbolic":"reference","module":"@angular/core","name":"Input","line":72,"character":3},"arguments":["disabled"]}]}],"model":[{"__symbolic":"property","decorators":[{"__symbolic":"call","expression":{"__symbolic":"reference","module":"@angular/core","name":"Input","line":80,"character":3},"arguments":["ngModel"]}]}],"update":[{"__symbolic":"property","decorators":[{"__symbolic":"call","expression":{"__symbolic":"reference","module":"@angular/core","name":"Output","line":83,"character":3},"arguments":["ngModelChange"]}]}],"__ctor__":[{"__symbolic":"constructor","parameterDecorators":[[{"__symbolic":"call","expression":{"__symbolic":"reference","module":"@angular/core","name":"Optional","line":104,"character":7}},{"__symbolic":"call","expression":{"__symbolic":"reference","module":"@angular/core","name":"Self","line":104,"character":19}},{"__symbolic":"call","expression":{"__symbolic":"reference","module":"@angular/core","name":"Inject","line":104,"character":27},"arguments":[{"__symbolic":"reference","name":"NG_VALIDATORS"}]}],[{"__symbolic":"call","expression":{"__symbolic":"reference","module":"@angular/core","name":"Optional","line":105,"character":7}},{"__symbolic":"call","expression":{"__symbolic":"reference","module":"@angular/core","name":"Self","line":105,"character":19}},{"__symbolic":"call","expression":{"__symbolic":"reference","module":"@angular/core","name":"Inject","line":105,"character":27},"arguments":[{"__symbolic":"reference","name":"NG_ASYNC_VALIDATORS"}]}],[{"__symbolic":"call","expression":{"__symbolic":"reference","module":"@angular/core","name":"Optional","line":107,"character":7}},{"__symbolic":"call","expression":{"__symbolic":"reference","module":"@angular/core","name":"Self","line":107,"character":19}},{"__symbolic":"call","expression":{"__symbolic":"reference","module":"@angular/core","name":"Inject","line":107,"character":27},"arguments":[{"__symbolic":"reference","name":"NG_VALUE_ACCESSOR"}]}],[{"__symbolic":"call","expression":{"__symbolic":"reference","module":"@angular/core","name":"Optional","line":108,"character":7}},{"__symbolic":"call","expression":{"__symbolic":"reference","module":"@angular/core","name":"Inject","line":108,"character":19},"arguments":[{"__symbolic":"reference","name":"ɵangular_packages_forms_forms_p"}]}]],"parameters":[{"__symbolic":"reference","name":"Array","arguments":[{"__symbolic":"reference","name":"AsyncValidator"}]},{"__symbolic":"reference","name":"Array","arguments":[{"__symbolic":"reference","name":"AsyncValidator"}]},{"__symbolic":"reference","name":"Array","arguments":[{"__symbolic":"reference","name":"ControlValueAccessor"}]},{"__symbolic":"reference","name":"string"}]}],"ngOnChanges":[{"__symbolic":"method"}],"viewToModelUpdate":[{"__symbolic":"method"}],"_isControlChanged":[{"__symbolic":"method"}]},"statics":{"_ngModelWarningSentOnce":false}},"FormControlName":{"__symbolic":"class","extends":{"__symbolic":"reference","name":"NgControl"},"decorators":[{"__symbolic":"call","expression":{"__symbolic":"reference","module":"@angular/core","name":"Directive","line":63,"character":1},"arguments":[{"selector":"[formControlName]","providers":[{"__symbolic":"reference","name":"ɵangular_packages_forms_forms_r"}]}]}],"members":{"name":[{"__symbolic":"property","decorators":[{"__symbolic":"call","expression":{"__symbolic":"reference","module":"@angular/core","name":"Input","line":90,"character":3},"arguments":["formControlName"]}]}],"isDisabled":[{"__symbolic":"property","decorators":[{"__symbolic":"call","expression":{"__symbolic":"reference","module":"@angular/core","name":"Input","line":96,"character":3},"arguments":["disabled"]}]}],"model":[{"__symbolic":"property","decorators":[{"__symbolic":"call","expression":{"__symbolic":"reference","module":"@angular/core","name":"Input","line":104,"character":3},"arguments":["ngModel"]}]}],"update":[{"__symbolic":"property","decorators":[{"__symbolic":"call","expression":{"__symbolic":"reference","module":"@angular/core","name":"Output","line":107,"character":3},"arguments":["ngModelChange"]}]}],"__ctor__":[{"__symbolic":"constructor","parameterDecorators":[[{"__symbolic":"call","expression":{"__symbolic":"reference","module":"@angular/core","name":"Optional","line":128,"character":7}},{"__symbolic":"call","expression":{"__symbolic":"reference","module":"@angular/core","name":"Host","line":128,"character":19}},{"__symbolic":"call","expression":{"__symbolic":"reference","module":"@angular/core","name":"SkipSelf","line":128,"character":27}}],[{"__symbolic":"call","expression":{"__symbolic":"reference","module":"@angular/core","name":"Optional","line":129,"character":7}},{"__symbolic":"call","expression":{"__symbolic":"reference","module":"@angular/core","name":"Self","line":129,"character":19}},{"__symbolic":"call","expression":{"__symbolic":"reference","module":"@angular/core","name":"Inject","line":129,"character":27},"arguments":[{"__symbolic":"reference","name":"NG_VALIDATORS"}]}],[{"__symbolic":"call","expression":{"__symbolic":"reference","module":"@angular/core","name":"Optional","line":130,"character":7}},{"__symbolic":"call","expression":{"__symbolic":"reference","module":"@angular/core","name":"Self","line":130,"character":19}},{"__symbolic":"call","expression":{"__symbolic":"reference","module":"@angular/core","name":"Inject","line":130,"character":27},"arguments":[{"__symbolic":"reference","name":"NG_ASYNC_VALIDATORS"}]}],[{"__symbolic":"call","expression":{"__symbolic":"reference","module":"@angular/core","name":"Optional","line":132,"character":7}},{"__symbolic":"call","expression":{"__symbolic":"reference","module":"@angular/core","name":"Self","line":132,"character":19}},{"__symbolic":"call","expression":{"__symbolic":"reference","module":"@angular/core","name":"Inject","line":132,"character":27},"arguments":[{"__symbolic":"reference","name":"NG_VALUE_ACCESSOR"}]}],[{"__symbolic":"call","expression":{"__symbolic":"reference","module":"@angular/core","name":"Optional","line":133,"character":7}},{"__symbolic":"call","expression":{"__symbolic":"reference","module":"@angular/core","name":"Inject","line":133,"character":19},"arguments":[{"__symbolic":"reference","name":"ɵangular_packages_forms_forms_p"}]}]],"parameters":[{"__symbolic":"reference","name":"ControlContainer"},{"__symbolic":"reference","name":"Array","arguments":[{"__symbolic":"reference","name":"AsyncValidator"}]},{"__symbolic":"reference","name":"Array","arguments":[{"__symbolic":"reference","name":"AsyncValidator"}]},{"__symbolic":"reference","name":"Array","arguments":[{"__symbolic":"reference","name":"ControlValueAccessor"}]},{"__symbolic":"reference","name":"string"}]}],"ngOnChanges":[{"__symbolic":"method"}],"ngOnDestroy":[{"__symbolic":"method"}],"viewToModelUpdate":[{"__symbolic":"method"}],"_checkParentType":[{"__symbolic":"method"}],"_setUpControl":[{"__symbolic":"method"}]},"statics":{"_ngModelWarningSentOnce":false}},"FormGroupDirective":{"__symbolic":"class","extends":{"__symbolic":"reference","name":"ControlContainer"},"decorators":[{"__symbolic":"call","expression":{"__symbolic":"reference","module":"@angular/core","name":"Directive","line":48,"character":1},"arguments":[{"selector":"[formGroup]","providers":[{"__symbolic":"reference","name":"ɵangular_packages_forms_forms_s"}],"host":{"(submit)":"onSubmit($event)","(reset)":"onReset()","$quoted$":["(submit)","(reset)"]},"exportAs":"ngForm"}]}],"members":{"form":[{"__symbolic":"property","decorators":[{"__symbolic":"call","expression":{"__symbolic":"reference","module":"@angular/core","name":"Input","line":74,"character":3},"arguments":["formGroup"]}]}],"ngSubmit":[{"__symbolic":"property","decorators":[{"__symbolic":"call","expression":{"__symbolic":"reference","module":"@angular/core","name":"Output","line":80,"character":3}}]}],"__ctor__":[{"__symbolic":"constructor","parameterDecorators":[[{"__symbolic":"call","expression":{"__symbolic":"reference","module":"@angular/core","name":"Optional","line":83,"character":7}},{"__symbolic":"call","expression":{"__symbolic":"reference","module":"@angular/core","name":"Self","line":83,"character":19}},{"__symbolic":"call","expression":{"__symbolic":"reference","module":"@angular/core","name":"Inject","line":83,"character":27},"arguments":[{"__symbolic":"reference","name":"NG_VALIDATORS"}]}],[{"__symbolic":"call","expression":{"__symbolic":"reference","module":"@angular/core","name":"Optional","line":84,"character":7}},{"__symbolic":"call","expression":{"__symbolic":"reference","module":"@angular/core","name":"Self","line":84,"character":19}},{"__symbolic":"call","expression":{"__symbolic":"reference","module":"@angular/core","name":"Inject","line":84,"character":27},"arguments":[{"__symbolic":"reference","name":"NG_ASYNC_VALIDATORS"}]}]],"parameters":[{"__symbolic":"reference","name":"Array","arguments":[{"__symbolic":"reference","name":"any"}]},{"__symbolic":"reference","name":"Array","arguments":[{"__symbolic":"reference","name":"any"}]}]}],"ngOnChanges":[{"__symbolic":"method"}],"addControl":[{"__symbolic":"method"}],"getControl":[{"__symbolic":"method"}],"removeControl":[{"__symbolic":"method"}],"addFormGroup":[{"__symbolic":"method"}],"removeFormGroup":[{"__symbolic":"method"}],"getFormGroup":[{"__symbolic":"method"}],"addFormArray":[{"__symbolic":"method"}],"removeFormArray":[{"__symbolic":"method"}],"getFormArray":[{"__symbolic":"method"}],"updateModel":[{"__symbolic":"method"}],"onSubmit":[{"__symbolic":"method"}],"onReset":[{"__symbolic":"method"}],"resetForm":[{"__symbolic":"method"}],"_updateDomValue":[{"__symbolic":"method"}],"_updateRegistrations":[{"__symbolic":"method"}],"_updateValidators":[{"__symbolic":"method"}],"_checkFormPresent":[{"__symbolic":"method"}]}},"FormArrayName":{"__symbolic":"class","extends":{"__symbolic":"reference","name":"ControlContainer"},"decorators":[{"__symbolic":"call","expression":{"__symbolic":"reference","module":"@angular/core","name":"Directive","line":133,"character":1},"arguments":[{"selector":"[formArrayName]","providers":[{"__symbolic":"reference","name":"ɵangular_packages_forms_forms_u"}]}]}],"members":{"name":[{"__symbolic":"property","decorators":[{"__symbolic":"call","expression":{"__symbolic":"reference","module":"@angular/core","name":"Input","line":154,"character":3},"arguments":["formArrayName"]}]}],"__ctor__":[{"__symbolic":"constructor","parameterDecorators":[[{"__symbolic":"call","expression":{"__symbolic":"reference","module":"@angular/core","name":"Optional","line":157,"character":7}},{"__symbolic":"call","expression":{"__symbolic":"reference","module":"@angular/core","name":"Host","line":157,"character":19}},{"__symbolic":"call","expression":{"__symbolic":"reference","module":"@angular/core","name":"SkipSelf","line":157,"character":27}}],[{"__symbolic":"call","expression":{"__symbolic":"reference","module":"@angular/core","name":"Optional","line":158,"character":7}},{"__symbolic":"call","expression":{"__symbolic":"reference","module":"@angular/core","name":"Self","line":158,"character":19}},{"__symbolic":"call","expression":{"__symbolic":"reference","module":"@angular/core","name":"Inject","line":158,"character":27},"arguments":[{"__symbolic":"reference","name":"NG_VALIDATORS"}]}],[{"__symbolic":"call","expression":{"__symbolic":"reference","module":"@angular/core","name":"Optional","line":159,"character":7}},{"__symbolic":"call","expression":{"__symbolic":"reference","module":"@angular/core","name":"Self","line":159,"character":19}},{"__symbolic":"call","expression":{"__symbolic":"reference","module":"@angular/core","name":"Inject","line":159,"character":27},"arguments":[{"__symbolic":"reference","name":"NG_ASYNC_VALIDATORS"}]}]],"parameters":[{"__symbolic":"reference","name":"ControlContainer"},{"__symbolic":"reference","name":"Array","arguments":[{"__symbolic":"reference","name":"any"}]},{"__symbolic":"reference","name":"Array","arguments":[{"__symbolic":"reference","name":"any"}]}]}],"ngOnInit":[{"__symbolic":"method"}],"ngOnDestroy":[{"__symbolic":"method"}],"_checkParentType":[{"__symbolic":"method"}]}},"FormGroupName":{"__symbolic":"class","extends":{"__symbolic":"reference","name":"AbstractFormGroupDirective"},"decorators":[{"__symbolic":"call","expression":{"__symbolic":"reference","module":"@angular/core","name":"Directive","line":72,"character":1},"arguments":[{"selector":"[formGroupName]","providers":[{"__symbolic":"reference","name":"ɵangular_packages_forms_forms_t"}]}]}],"members":{"name":[{"__symbolic":"property","decorators":[{"__symbolic":"call","expression":{"__symbolic":"reference","module":"@angular/core","name":"Input","line":84,"character":3},"arguments":["formGroupName"]}]}],"__ctor__":[{"__symbolic":"constructor","parameterDecorators":[[{"__symbolic":"call","expression":{"__symbolic":"reference","module":"@angular/core","name":"Optional","line":87,"character":7}},{"__symbolic":"call","expression":{"__symbolic":"reference","module":"@angular/core","name":"Host","line":87,"character":19}},{"__symbolic":"call","expression":{"__symbolic":"reference","module":"@angular/core","name":"SkipSelf","line":87,"character":27}}],[{"__symbolic":"call","expression":{"__symbolic":"reference","module":"@angular/core","name":"Optional","line":88,"character":7}},{"__symbolic":"call","expression":{"__symbolic":"reference","module":"@angular/core","name":"Self","line":88,"character":19}},{"__symbolic":"call","expression":{"__symbolic":"reference","module":"@angular/core","name":"Inject","line":88,"character":27},"arguments":[{"__symbolic":"reference","name":"NG_VALIDATORS"}]}],[{"__symbolic":"call","expression":{"__symbolic":"reference","module":"@angular/core","name":"Optional","line":89,"character":7}},{"__symbolic":"call","expression":{"__symbolic":"reference","module":"@angular/core","name":"Self","line":89,"character":19}},{"__symbolic":"call","expression":{"__symbolic":"reference","module":"@angular/core","name":"Inject","line":89,"character":27},"arguments":[{"__symbolic":"reference","name":"NG_ASYNC_VALIDATORS"}]}]],"parameters":[{"__symbolic":"reference","name":"ControlContainer"},{"__symbolic":"reference","name":"Array","arguments":[{"__symbolic":"reference","name":"any"}]},{"__symbolic":"reference","name":"Array","arguments":[{"__symbolic":"reference","name":"any"}]}]}],"_checkParentType":[{"__symbolic":"method"}]}},"NgSelectOption":{"__symbolic":"class","decorators":[{"__symbolic":"call","expression":{"__symbolic":"reference","module":"@angular/core","name":"Directive","line":205,"character":1},"arguments":[{"selector":"option"}]}],"members":{"__ctor__":[{"__symbolic":"constructor","parameterDecorators":[null,null,[{"__symbolic":"call","expression":{"__symbolic":"reference","module":"@angular/core","name":"Optional","line":216,"character":7}},{"__symbolic":"call","expression":{"__symbolic":"reference","module":"@angular/core","name":"Host","line":216,"character":19}}]],"parameters":[{"__symbolic":"reference","module":"@angular/core","name":"ElementRef","line":125,"character":65},{"__symbolic":"reference","module":"@angular/core","name":"Renderer2","line":125,"character":33},{"__symbolic":"reference","name":"SelectControlValueAccessor"}]}],"ngValue":[{"__symbolic":"property","decorators":[{"__symbolic":"call","expression":{"__symbolic":"reference","module":"@angular/core","name":"Input","line":225,"character":3},"arguments":["ngValue"]}]}],"value":[{"__symbolic":"property","decorators":[{"__symbolic":"call","expression":{"__symbolic":"reference","module":"@angular/core","name":"Input","line":238,"character":3},"arguments":["value"]}]}],"_setElementValue":[{"__symbolic":"method"}],"ngOnDestroy":[{"__symbolic":"method"}]}},"SelectControlValueAccessor":{"__symbolic":"class","decorators":[{"__symbolic":"call","expression":{"__symbolic":"reference","module":"@angular/core","name":"Directive","line":85,"character":1},"arguments":[{"selector":"select:not([multiple])[formControlName],select:not([multiple])[formControl],select:not([multiple])[ngModel]","host":{"(change)":"onChange($event.target.value)","(blur)":"onTouched()","$quoted$":["(change)","(blur)"]},"providers":[{"__symbolic":"reference","name":"ɵangular_packages_forms_forms_v"}]}]}],"members":{"compareWith":[{"__symbolic":"property","decorators":[{"__symbolic":"call","expression":{"__symbolic":"reference","module":"@angular/core","name":"Input","line":115,"character":3}}]}],"__ctor__":[{"__symbolic":"constructor","parameters":[{"__symbolic":"reference","module":"@angular/core","name":"Renderer2","line":125,"character":33},{"__symbolic":"reference","module":"@angular/core","name":"ElementRef","line":125,"character":65}]}],"writeValue":[{"__symbolic":"method"}],"registerOnChange":[{"__symbolic":"method"}],"registerOnTouched":[{"__symbolic":"method"}],"setDisabledState":[{"__symbolic":"method"}],"_registerOption":[{"__symbolic":"method"}],"_getOptionId":[{"__symbolic":"method"}],"_getOptionValue":[{"__symbolic":"method"}]}},"SelectMultipleControlValueAccessor":{"__symbolic":"class","decorators":[{"__symbolic":"call","expression":{"__symbolic":"reference","module":"@angular/core","name":"Directive","line":77,"character":1},"arguments":[{"selector":"select[multiple][formControlName],select[multiple][formControl],select[multiple][ngModel]","host":{"(change)":"onChange($event.target)","(blur)":"onTouched()","$quoted$":["(change)","(blur)"]},"providers":[{"__symbolic":"reference","name":"ɵangular_packages_forms_forms_w"}]}]}],"members":{"compareWith":[{"__symbolic":"property","decorators":[{"__symbolic":"call","expression":{"__symbolic":"reference","module":"@angular/core","name":"Input","line":112,"character":3}}]}],"__ctor__":[{"__symbolic":"constructor","parameters":[{"__symbolic":"reference","module":"@angular/core","name":"Renderer2","line":122,"character":33},{"__symbolic":"reference","module":"@angular/core","name":"ElementRef","line":122,"character":65}]}],"writeValue":[{"__symbolic":"method"}],"registerOnChange":[{"__symbolic":"method"}],"registerOnTouched":[{"__symbolic":"method"}],"setDisabledState":[{"__symbolic":"method"}],"_registerOption":[{"__symbolic":"method"}],"_getOptionId":[{"__symbolic":"method"}],"_getOptionValue":[{"__symbolic":"method"}]}},"AsyncValidator":{"__symbolic":"interface"},"AsyncValidatorFn":{"__symbolic":"interface"},"CheckboxRequiredValidator":{"__symbolic":"class","extends":{"__symbolic":"reference","name":"RequiredValidator"},"decorators":[{"__symbolic":"call","expression":{"__symbolic":"reference","module":"@angular/core","name":"Directive","line":221,"character":1},"arguments":[{"selector":"input[type=checkbox][required][formControlName],input[type=checkbox][required][formControl],input[type=checkbox][required][ngModel]","providers":[{"__symbolic":"reference","name":"ɵangular_packages_forms_forms_ba"}],"host":{"[attr.required]":"required ? \"\" : null","$quoted$":["[attr.required]"]}}]}],"members":{"validate":[{"__symbolic":"method"}]}},"EmailValidator":{"__symbolic":"class","decorators":[{"__symbolic":"call","expression":{"__symbolic":"reference","module":"@angular/core","name":"Directive","line":271,"character":1},"arguments":[{"selector":"[email][formControlName],[email][formControl],[email][ngModel]","providers":[{"__symbolic":"reference","name":"ɵangular_packages_forms_forms_bb"}]}]}],"members":{"email":[{"__symbolic":"property","decorators":[{"__symbolic":"call","expression":{"__symbolic":"reference","module":"@angular/core","name":"Input","line":285,"character":3}}]}],"validate":[{"__symbolic":"method"}],"registerOnValidatorChange":[{"__symbolic":"method"}]}},"MaxLengthValidator":{"__symbolic":"class","decorators":[{"__symbolic":"call","expression":{"__symbolic":"reference","module":"@angular/core","name":"Directive","line":452,"character":1},"arguments":[{"selector":"[maxlength][formControlName],[maxlength][formControl],[maxlength][ngModel]","providers":[{"__symbolic":"reference","name":"ɵangular_packages_forms_forms_bd"}],"host":{"[attr.maxlength]":"maxlength ? maxlength : null","$quoted$":["[attr.maxlength]"]}}]}],"members":{"maxlength":[{"__symbolic":"property","decorators":[{"__symbolic":"call","expression":{"__symbolic":"reference","module":"@angular/core","name":"Input","line":468,"character":3}}]}],"ngOnChanges":[{"__symbolic":"method"}],"validate":[{"__symbolic":"method"}],"registerOnValidatorChange":[{"__symbolic":"method"}],"_createValidator":[{"__symbolic":"method"}]}},"MinLengthValidator":{"__symbolic":"class","decorators":[{"__symbolic":"call","expression":{"__symbolic":"reference","module":"@angular/core","name":"Directive","line":364,"character":1},"arguments":[{"selector":"[minlength][formControlName],[minlength][formControl],[minlength][ngModel]","providers":[{"__symbolic":"reference","name":"ɵangular_packages_forms_forms_bc"}],"host":{"[attr.minlength]":"minlength ? minlength : null","$quoted$":["[attr.minlength]"]}}]}],"members":{"minlength":[{"__symbolic":"property","decorators":[{"__symbolic":"call","expression":{"__symbolic":"reference","module":"@angular/core","name":"Input","line":380,"character":3}}]}],"ngOnChanges":[{"__symbolic":"method"}],"validate":[{"__symbolic":"method"}],"registerOnValidatorChange":[{"__symbolic":"method"}],"_createValidator":[{"__symbolic":"method"}]}},"PatternValidator":{"__symbolic":"class","decorators":[{"__symbolic":"call","expression":{"__symbolic":"reference","module":"@angular/core","name":"Directive","line":543,"character":1},"arguments":[{"selector":"[pattern][formControlName],[pattern][formControl],[pattern][ngModel]","providers":[{"__symbolic":"reference","name":"ɵangular_packages_forms_forms_be"}],"host":{"[attr.pattern]":"pattern ? pattern : null","$quoted$":["[attr.pattern]"]}}]}],"members":{"pattern":[{"__symbolic":"property","decorators":[{"__symbolic":"call","expression":{"__symbolic":"reference","module":"@angular/core","name":"Input","line":559,"character":3}}]}],"ngOnChanges":[{"__symbolic":"method"}],"validate":[{"__symbolic":"method"}],"registerOnValidatorChange":[{"__symbolic":"method"}],"_createValidator":[{"__symbolic":"method"}]}},"RequiredValidator":{"__symbolic":"class","decorators":[{"__symbolic":"call","expression":{"__symbolic":"reference","module":"@angular/core","name":"Directive","line":153,"character":1},"arguments":[{"selector":":not([type=checkbox])[required][formControlName],:not([type=checkbox])[required][formControl],:not([type=checkbox])[required][ngModel]","providers":[{"__symbolic":"reference","name":"ɵangular_packages_forms_forms_z"}],"host":{"[attr.required]":"required ? \"\" : null","$quoted$":["[attr.required]"]}}]}],"members":{"required":[{"__symbolic":"property","decorators":[{"__symbolic":"call","expression":{"__symbolic":"reference","module":"@angular/core","name":"Input","line":169,"character":3}}]}],"validate":[{"__symbolic":"method"}],"registerOnValidatorChange":[{"__symbolic":"method"}]}},"ValidationErrors":{"__symbolic":"interface"},"Validator":{"__symbolic":"interface"},"ValidatorFn":{"__symbolic":"interface"},"FormBuilder":{"__symbolic":"class","decorators":[{"__symbolic":"call","expression":{"__symbolic":"reference","module":"@angular/core","name":"Injectable","line":32,"character":1}}],"members":{"group":[{"__symbolic":"method"}],"control":[{"__symbolic":"method"}],"array":[{"__symbolic":"method"}],"_reduceControls":[{"__symbolic":"method"}],"_createControl":[{"__symbolic":"method"}]}},"AbstractControl":{"__symbolic":"class","members":{"__ctor__":[{"__symbolic":"constructor","parameters":[{"__symbolic":"reference","name":"ValidatorFn"},{"__symbolic":"reference","name":"AsyncValidatorFn"}]}],"setValidators":[{"__symbolic":"method"}],"setAsyncValidators":[{"__symbolic":"method"}],"clearValidators":[{"__symbolic":"method"}],"clearAsyncValidators":[{"__symbolic":"method"}],"markAsTouched":[{"__symbolic":"method"}],"markAllAsTouched":[{"__symbolic":"method"}],"markAsUntouched":[{"__symbolic":"method"}],"markAsDirty":[{"__symbolic":"method"}],"markAsPristine":[{"__symbolic":"method"}],"markAsPending":[{"__symbolic":"method"}],"disable":[{"__symbolic":"method"}],"enable":[{"__symbolic":"method"}],"_updateAncestors":[{"__symbolic":"method"}],"setParent":[{"__symbolic":"method"}],"setValue":[{"__symbolic":"method"}],"patchValue":[{"__symbolic":"method"}],"reset":[{"__symbolic":"method"}],"updateValueAndValidity":[{"__symbolic":"method"}],"_updateTreeValidity":[{"__symbolic":"method"}],"_setInitialStatus":[{"__symbolic":"method"}],"_runValidator":[{"__symbolic":"method"}],"_runAsyncValidator":[{"__symbolic":"method"}],"_cancelExistingSubscription":[{"__symbolic":"method"}],"setErrors":[{"__symbolic":"method"}],"get":[{"__symbolic":"method"}],"getError":[{"__symbolic":"method"}],"hasError":[{"__symbolic":"method"}],"_updateControlsErrors":[{"__symbolic":"method"}],"_initObservables":[{"__symbolic":"method"}],"_calculateStatus":[{"__symbolic":"method"}],"_updateValue":[{"__symbolic":"method"}],"_forEachChild":[{"__symbolic":"method"}],"_anyControls":[{"__symbolic":"method"}],"_allControlsDisabled":[{"__symbolic":"method"}],"_syncPendingControls":[{"__symbolic":"method"}],"_anyControlsHaveStatus":[{"__symbolic":"method"}],"_anyControlsDirty":[{"__symbolic":"method"}],"_anyControlsTouched":[{"__symbolic":"method"}],"_updatePristine":[{"__symbolic":"method"}],"_updateTouched":[{"__symbolic":"method"}],"_isBoxedValue":[{"__symbolic":"method"}],"_registerOnCollectionChange":[{"__symbolic":"method"}],"_setUpdateStrategy":[{"__symbolic":"method"}],"_parentMarkedDirty":[{"__symbolic":"method"}]}},"AbstractControlOptions":{"__symbolic":"interface"},"FormArray":{"__symbolic":"class","extends":{"__symbolic":"reference","name":"AbstractControl"},"members":{"__ctor__":[{"__symbolic":"constructor","parameters":[{"__symbolic":"reference","name":"Array","arguments":[{"__symbolic":"reference","name":"AbstractControl"}]},{"__symbolic":"reference","name":"ValidatorFn"},{"__symbolic":"reference","name":"AsyncValidatorFn"}]}],"at":[{"__symbolic":"method"}],"push":[{"__symbolic":"method"}],"insert":[{"__symbolic":"method"}],"removeAt":[{"__symbolic":"method"}],"setControl":[{"__symbolic":"method"}],"setValue":[{"__symbolic":"method"}],"patchValue":[{"__symbolic":"method"}],"reset":[{"__symbolic":"method"}],"getRawValue":[{"__symbolic":"method"}],"clear":[{"__symbolic":"method"}],"_syncPendingControls":[{"__symbolic":"method"}],"_throwIfControlMissing":[{"__symbolic":"method"}],"_forEachChild":[{"__symbolic":"method"}],"_updateValue":[{"__symbolic":"method"}],"_anyControls":[{"__symbolic":"method"}],"_setUpControls":[{"__symbolic":"method"}],"_checkAllValuesPresent":[{"__symbolic":"method"}],"_allControlsDisabled":[{"__symbolic":"method"}],"_registerControl":[{"__symbolic":"method"}]}},"FormControl":{"__symbolic":"class","extends":{"__symbolic":"reference","name":"AbstractControl"},"members":{"__ctor__":[{"__symbolic":"constructor","parameters":[{"__symbolic":"reference","name":"any"},{"__symbolic":"reference","name":"ValidatorFn"},{"__symbolic":"reference","name":"AsyncValidatorFn"}]}],"setValue":[{"__symbolic":"method"}],"patchValue":[{"__symbolic":"method"}],"reset":[{"__symbolic":"method"}],"_updateValue":[{"__symbolic":"method"}],"_anyControls":[{"__symbolic":"method"}],"_allControlsDisabled":[{"__symbolic":"method"}],"registerOnChange":[{"__symbolic":"method"}],"_clearChangeFns":[{"__symbolic":"method"}],"registerOnDisabledChange":[{"__symbolic":"method"}],"_forEachChild":[{"__symbolic":"method"}],"_syncPendingControls":[{"__symbolic":"method"}],"_applyFormState":[{"__symbolic":"method"}]}},"FormGroup":{"__symbolic":"class","extends":{"__symbolic":"reference","name":"AbstractControl"},"members":{"__ctor__":[{"__symbolic":"constructor","parameters":[{"__symbolic":"error","message":"Expression form not supported","line":1308,"character":23,"module":"./forms"},{"__symbolic":"reference","name":"ValidatorFn"},{"__symbolic":"reference","name":"AsyncValidatorFn"}]}],"registerControl":[{"__symbolic":"method"}],"addControl":[{"__symbolic":"method"}],"removeControl":[{"__symbolic":"method"}],"setControl":[{"__symbolic":"method"}],"contains":[{"__symbolic":"method"}],"setValue":[{"__symbolic":"method"}],"patchValue":[{"__symbolic":"method"}],"reset":[{"__symbolic":"method"}],"getRawValue":[{"__symbolic":"method"}],"_syncPendingControls":[{"__symbolic":"method"}],"_throwIfControlMissing":[{"__symbolic":"method"}],"_forEachChild":[{"__symbolic":"method"}],"_setUpControls":[{"__symbolic":"method"}],"_updateValue":[{"__symbolic":"method"}],"_anyControls":[{"__symbolic":"method"}],"_reduceValue":[{"__symbolic":"method"}],"_reduceChildren":[{"__symbolic":"method"}],"_allControlsDisabled":[{"__symbolic":"method"}],"_checkAllValuesPresent":[{"__symbolic":"method"}]}},"NG_ASYNC_VALIDATORS":{"__symbolic":"new","expression":{"__symbolic":"reference","module":"@angular/core","name":"InjectionToken","line":60,"character":8},"arguments":["NgAsyncValidators"]},"NG_VALIDATORS":{"__symbolic":"new","expression":{"__symbolic":"reference","module":"@angular/core","name":"InjectionToken","line":48,"character":33},"arguments":["NgValidators"]},"Validators":{"__symbolic":"class","members":{},"statics":{"min":{"__symbolic":"function","parameters":["min"],"value":{"__symbolic":"error","message":"Lambda not supported","line":129,"character":11,"module":"./forms"}},"max":{"__symbolic":"function","parameters":["max"],"value":{"__symbolic":"error","message":"Lambda not supported","line":162,"character":11,"module":"./forms"}},"required":{"__symbolic":"function","parameters":["control"],"value":{"__symbolic":"if","condition":{"__symbolic":"error","message":"Reference to a non-exported function","line":15,"character":9,"context":{"name":"isEmptyInputValue"},"module":"./forms"},"thenExpression":{"required":true,"$quoted$":["required"]},"elseExpression":null}},"requiredTrue":{"__symbolic":"function","parameters":["control"],"value":{"__symbolic":"if","condition":{"__symbolic":"binop","operator":"===","left":{"__symbolic":"select","expression":{"__symbolic":"reference","name":"control"},"member":"value"},"right":true},"thenExpression":null,"elseExpression":{"required":true,"$quoted$":["required"]}}},"minLength":{"__symbolic":"function","parameters":["minLength"],"value":{"__symbolic":"error","message":"Lambda not supported","line":296,"character":11,"module":"./forms"}},"maxLength":{"__symbolic":"function","parameters":["maxLength"],"value":{"__symbolic":"error","message":"Lambda not supported","line":335,"character":11,"module":"./forms"}},"nullValidator":{"__symbolic":"function","parameters":["control"],"value":null}}},"VERSION":{"__symbolic":"new","expression":{"__symbolic":"reference","module":"@angular/core","name":"Version","line":19,"character":27},"arguments":["9.1.11"]},"FormsModule":{"__symbolic":"class","decorators":[{"__symbolic":"call","expression":{"__symbolic":"reference","module":"@angular/core","name":"NgModule","line":23,"character":1},"arguments":[{"declarations":{"__symbolic":"reference","name":"ɵangular_packages_forms_forms_b"},"providers":[{"__symbolic":"reference","name":"ɵangular_packages_forms_forms_n"}],"exports":[{"__symbolic":"reference","name":"ɵangular_packages_forms_forms_d"},{"__symbolic":"reference","name":"ɵangular_packages_forms_forms_b"}]}]}],"members":{}},"ReactiveFormsModule":{"__symbolic":"class","decorators":[{"__symbolic":"call","expression":{"__symbolic":"reference","module":"@angular/core","name":"NgModule","line":40,"character":1},"arguments":[{"declarations":[{"__symbolic":"reference","name":"ɵangular_packages_forms_forms_c"}],"providers":[{"__symbolic":"reference","name":"FormBuilder"},{"__symbolic":"reference","name":"ɵangular_packages_forms_forms_n"}],"exports":[{"__symbolic":"reference","name":"ɵangular_packages_forms_forms_d"},{"__symbolic":"reference","name":"ɵangular_packages_forms_forms_c"}]}]}],"members":{},"statics":{"withConfig":{"__symbolic":"function","parameters":["opts"],"value":{"ngModule":{"__symbolic":"reference","name":"ReactiveFormsModule"},"providers":[{"provide":{"__symbolic":"reference","name":"ɵangular_packages_forms_forms_p"},"useValue":{"__symbolic":"select","expression":{"__symbolic":"reference","name":"opts"},"member":"warnOnNgModelWithFormControl"}}]}}}}},"origins":{"ɵangular_packages_forms_forms_a":"./forms","ɵangular_packages_forms_forms_b":"./forms","ɵangular_packages_forms_forms_c":"./forms","ɵangular_packages_forms_forms_d":"./forms","ɵangular_packages_forms_forms_e":"./forms","ɵangular_packages_forms_forms_f":"./forms","ɵangular_packages_forms_forms_g":"./forms","ɵangular_packages_forms_forms_h":"./forms","ɵangular_packages_forms_forms_i":"./forms","ɵangular_packages_forms_forms_j":"./forms","ɵangular_packages_forms_forms_k":"./forms","ɵangular_packages_forms_forms_l":"./forms","ɵangular_packages_forms_forms_m":"./forms","ɵangular_packages_forms_forms_n":"./forms","ɵangular_packages_forms_forms_o":"./forms","ɵangular_packages_forms_forms_p":"./forms","ɵangular_packages_forms_forms_q":"./forms","ɵangular_packages_forms_forms_r":"./forms","ɵangular_packages_forms_forms_s":"./forms","ɵangular_packages_forms_forms_t":"./forms","ɵangular_packages_forms_forms_u":"./forms","ɵangular_packages_forms_forms_v":"./forms","ɵangular_packages_forms_forms_w":"./forms","ɵangular_packages_forms_forms_x":"./forms","ɵangular_packages_forms_forms_y":"./forms","ɵangular_packages_forms_forms_z":"./forms","ɵangular_packages_forms_forms_ba":"./forms","ɵangular_packages_forms_forms_bb":"./forms","ɵangular_packages_forms_forms_bc":"./forms","ɵangular_packages_forms_forms_bd":"./forms","ɵangular_packages_forms_forms_be":"./forms","ɵInternalFormsSharedModule":"./forms","AbstractControlDirective":"./forms","AbstractFormGroupDirective":"./forms","CheckboxControlValueAccessor":"./forms","ControlContainer":"./forms","ControlValueAccessor":"./forms","NG_VALUE_ACCESSOR":"./forms","COMPOSITION_BUFFER_MODE":"./forms","DefaultValueAccessor":"./forms","Form":"./forms","NgControl":"./forms","NgControlStatus":"./forms","NgControlStatusGroup":"./forms","NgForm":"./forms","NgModel":"./forms","NgModelGroup":"./forms","ɵNgNoValidate":"./forms","NumberValueAccessor":"./forms","RadioControlValueAccessor":"./forms","RangeValueAccessor":"./forms","FormControlDirective":"./forms","FormControlName":"./forms","FormGroupDirective":"./forms","FormArrayName":"./forms","FormGroupName":"./forms","NgSelectOption":"./forms","SelectControlValueAccessor":"./forms","SelectMultipleControlValueAccessor":"./forms","ɵNgSelectMultipleOption":"./forms","AsyncValidator":"./forms","AsyncValidatorFn":"./forms","CheckboxRequiredValidator":"./forms","EmailValidator":"./forms","MaxLengthValidator":"./forms","MinLengthValidator":"./forms","PatternValidator":"./forms","RequiredValidator":"./forms","ValidationErrors":"./forms","Validator":"./forms","ValidatorFn":"./forms","FormBuilder":"./forms","AbstractControl":"./forms","AbstractControlOptions":"./forms","FormArray":"./forms","FormControl":"./forms","FormGroup":"./forms","NG_ASYNC_VALIDATORS":"./forms","NG_VALIDATORS":"./forms","Validators":"./forms","VERSION":"./forms","FormsModule":"./forms","ReactiveFormsModule":"./forms"},"importAs":"@angular/forms"}