{"__symbolic":"module","version":4,"metadata":{"RESOURCE_CACHE_PROVIDER":[{"provide":{"__symbolic":"reference","module":"@angular/compiler","name":"ResourceLoader","line":23,"character":15},"useClass":{"__symbolic":"reference","name":"ɵangular_packages_platform_browser_dynamic_platform_browser_dynamic_a"},"deps":[]}],"platformBrowserDynamic":{"__symbolic":"call","expression":{"__symbolic":"reference","module":"@angular/core","name":"createPlatformFactory","line":28,"character":38},"arguments":[{"__symbolic":"reference","name":"ɵplatformCoreDynamic"},"browserDynamic",{"__symbolic":"reference","name":"ɵINTERNAL_BROWSER_DYNAMIC_PLATFORM_PROVIDERS"}]},"ɵCOMPILER_PROVIDERS__POST_R3__":{"__symbolic":"error","message":"Lambda not supported","line":169,"character":55,"module":"./platform-browser-dynamic"},"ɵCompilerImpl":{"__symbolic":"class","members":{"__ctor__":[{"__symbolic":"constructor","parameters":[{"__symbolic":"reference","module":"@angular/core","name":"Injector","line":36,"character":16},{"__symbolic":"reference","module":"@angular/compiler","name":"CompileMetadataResolver","line":36,"character":53},{"__symbolic":"reference","module":"@angular/compiler","name":"TemplateParser","line":37,"character":22},{"__symbolic":"reference","module":"@angular/compiler","name":"StyleCompiler","line":37,"character":53},{"__symbolic":"reference","module":"@angular/compiler","name":"ViewCompiler","line":37,"character":82},{"__symbolic":"reference","module":"@angular/compiler","name":"NgModuleCompiler","line":38,"character":24},{"__symbolic":"reference","name":"SummaryResolver","module":"@angular/compiler","arguments":[{"__symbolic":"reference","name":"Type","module":"@angular/core","arguments":[{"__symbolic":"reference","name":"any"}]}]},{"__symbolic":"reference","module":"@angular/compiler","name":"CompileReflector","line":39,"character":24},{"__symbolic":"reference","module":"@angular/compiler","name":"JitEvaluator","line":39,"character":56},{"__symbolic":"reference","module":"@angular/compiler","name":"CompilerConfig","line":40,"character":22},{"__symbolic":"reference","module":"@angular/core","name":"ɵConsole","line":40,"character":47}]}],"getExtraNgModuleProviders":[{"__symbolic":"method"}],"compileModuleSync":[{"__symbolic":"method"}],"compileModuleAsync":[{"__symbolic":"method"}],"compileModuleAndAllComponentsSync":[{"__symbolic":"method"}],"compileModuleAndAllComponentsAsync":[{"__symbolic":"method"}],"loadAotSummaries":[{"__symbolic":"method"}],"hasAotSummary":[{"__symbolic":"method"}],"getComponentFactory":[{"__symbolic":"method"}],"clearCache":[{"__symbolic":"method"}],"clearCacheFor":[{"__symbolic":"method"}],"getModuleId":[{"__symbolic":"method"}]}},"ɵplatformCoreDynamic":{"__symbolic":"call","expression":{"__symbolic":"reference","module":"@angular/core","name":"createPlatformFactory","line":17,"character":35},"arguments":[{"__symbolic":"reference","module":"@angular/core","name":"platformCore","line":17,"character":57},"coreDynamic",[{"provide":{"__symbolic":"reference","module":"@angular/core","name":"COMPILER_OPTIONS","line":18,"character":12},"useValue":{},"multi":true},{"provide":{"__symbolic":"reference","module":"@angular/core","name":"CompilerFactory","line":19,"character":12},"useClass":{"__symbolic":"reference","name":"JitCompilerFactory"},"deps":[{"__symbolic":"reference","module":"@angular/core","name":"COMPILER_OPTIONS","line":19,"character":66}]}]]},"ɵINTERNAL_BROWSER_DYNAMIC_PLATFORM_PROVIDERS":[{"__symbolic":"reference","module":"@angular/platform-browser","name":"ɵINTERNAL_BROWSER_PLATFORM_PROVIDERS","line":20,"character":2},{"provide":{"__symbolic":"reference","module":"@angular/core","name":"COMPILER_OPTIONS","line":22,"character":13},"useValue":{"providers":[{"provide":{"__symbolic":"reference","module":"@angular/compiler","name":"ResourceLoader","line":23,"character":37},"useClass":{"__symbolic":"reference","name":"ɵResourceLoaderImpl"},"deps":[]}]},"multi":true},{"provide":{"__symbolic":"reference","module":"@angular/core","name":"PLATFORM_ID","line":26,"character":12},"useValue":{"__symbolic":"reference","module":"@angular/common","name":"ɵPLATFORM_BROWSER_ID","line":26,"character":35}}],"ɵResourceLoaderImpl":{"__symbolic":"class","extends":{"__symbolic":"reference","module":"@angular/compiler","name":"ResourceLoader","line":12,"character":40},"decorators":[{"__symbolic":"call","expression":{"__symbolic":"reference","module":"@angular/core","name":"Injectable","line":11,"character":1}}],"members":{"get":[{"__symbolic":"method"}]}},"VERSION":{"__symbolic":"new","expression":{"__symbolic":"reference","module":"@angular/core","name":"Version","line":19,"character":27},"arguments":["9.1.11"]},"JitCompilerFactory":{"__symbolic":"class","members":{"__ctor__":[{"__symbolic":"constructor","parameters":[{"__symbolic":"reference","name":"Array","arguments":[{"__symbolic":"reference","module":"@angular/core","name":"CompilerOptions","line":178,"character":30}]}]}],"createCompiler":[{"__symbolic":"method"}]}},"ɵangular_packages_platform_browser_dynamic_platform_browser_dynamic_a":{"__symbolic":"class","extends":{"__symbolic":"reference","module":"@angular/compiler","name":"ResourceLoader","line":20,"character":42},"members":{"__ctor__":[{"__symbolic":"constructor"}],"get":[{"__symbolic":"method"}]}}},"origins":{"RESOURCE_CACHE_PROVIDER":"./platform-browser-dynamic","platformBrowserDynamic":"./platform-browser-dynamic","ɵCOMPILER_PROVIDERS__POST_R3__":"./platform-browser-dynamic","ɵCompilerImpl":"./platform-browser-dynamic","ɵplatformCoreDynamic":"./platform-browser-dynamic","ɵINTERNAL_BROWSER_DYNAMIC_PLATFORM_PROVIDERS":"./platform-browser-dynamic","ɵResourceLoaderImpl":"./platform-browser-dynamic","VERSION":"./platform-browser-dynamic","JitCompilerFactory":"./platform-browser-dynamic","ɵangular_packages_platform_browser_dynamic_platform_browser_dynamic_a":"./platform-browser-dynamic"},"importAs":"@angular/platform-browser-dynamic"}