{"__symbolic":"module","version":4,"metadata":{"ɵangular_packages_common_upgrade_upgrade_a":{"__symbolic":"function"},"ɵangular_packages_common_upgrade_upgrade_b":{"__symbolic":"function"},"ɵangular_packages_common_upgrade_upgrade_c":{"__symbolic":"function","parameters":["platformLocation","baseHref","options"],"defaults":[null,null,{}],"value":{"__symbolic":"if","condition":{"__symbolic":"select","expression":{"__symbolic":"reference","name":"options"},"member":"useHash"},"thenExpression":{"__symbolic":"new","expression":{"__symbolic":"reference","module":"@angular/common","name":"HashLocationStrategy","line":111,"character":31},"arguments":[{"__symbolic":"reference","name":"platformLocation"},{"__symbolic":"reference","name":"baseHref"}]},"elseExpression":{"__symbolic":"new","expression":{"__symbolic":"reference","module":"@angular/common","name":"PathLocationStrategy","line":112,"character":31},"arguments":[{"__symbolic":"reference","name":"platformLocation"},{"__symbolic":"reference","name":"baseHref"}]}}},"ɵangular_packages_common_upgrade_upgrade_d":{"__symbolic":"function"},"$locationShim":{"__symbolic":"class","members":{"__ctor__":[{"__symbolic":"constructor","parameters":[{"__symbolic":"reference","name":"any"},{"__symbolic":"reference","module":"@angular/common","name":"Location","line":56,"character":40},{"__symbolic":"reference","module":"@angular/common","name":"PlatformLocation","line":56,"character":76},{"__symbolic":"reference","name":"UrlCodec"},{"__symbolic":"reference","module":"@angular/common","name":"LocationStrategy","line":57,"character":60}]}],"initialize":[{"__symbolic":"method"}],"resetBrowserUpdate":[{"__symbolic":"method"}],"browserUrl":[{"__symbolic":"method"},{"__symbolic":"method"},{"__symbolic":"method"}],"cacheState":[{"__symbolic":"method"}],"browserState":[{"__symbolic":"method"}],"stripBaseUrl":[{"__symbolic":"method"}],"getServerBase":[{"__symbolic":"method"}],"parseAppUrl":[{"__symbolic":"method"}],"onChange":[{"__symbolic":"method"}],"$$notifyChangeListeners":[{"__symbolic":"method"}],"$$parse":[{"__symbolic":"method"}],"$$parseLinkUrl":[{"__symbolic":"method"}],"setBrowserUrlWithFallback":[{"__symbolic":"method"}],"composeUrls":[{"__symbolic":"method"}],"absUrl":[{"__symbolic":"method"}],"url":[{"__symbolic":"method"},{"__symbolic":"method"},{"__symbolic":"method"}],"protocol":[{"__symbolic":"method"}],"host":[{"__symbolic":"method"}],"port":[{"__symbolic":"method"}],"path":[{"__symbolic":"method"},{"__symbolic":"method"},{"__symbolic":"method"}],"search":[{"__symbolic":"method"},{"__symbolic":"method"},{"__symbolic":"method"},{"__symbolic":"method"}],"hash":[{"__symbolic":"method"},{"__symbolic":"method"},{"__symbolic":"method"}],"replace":[{"__symbolic":"method"}],"state":[{"__symbolic":"method"},{"__symbolic":"method"},{"__symbolic":"method"}]}},"$locationShimProvider":{"__symbolic":"class","members":{"__ctor__":[{"__symbolic":"constructor","parameters":[{"__symbolic":"reference","module":"@angular/upgrade/static","name":"UpgradeModule","line":714,"character":25},{"__symbolic":"reference","module":"@angular/common","name":"Location","line":56,"character":40},{"__symbolic":"reference","module":"@angular/common","name":"PlatformLocation","line":56,"character":76},{"__symbolic":"reference","name":"UrlCodec"},{"__symbolic":"reference","module":"@angular/common","name":"LocationStrategy","line":57,"character":60}]}],"$get":[{"__symbolic":"method"}],"hashPrefix":[{"__symbolic":"method"}],"html5Mode":[{"__symbolic":"method"}]}},"LOCATION_UPGRADE_CONFIGURATION":{"__symbolic":"new","expression":{"__symbolic":"reference","module":"@angular/core","name":"InjectionToken","line":51,"character":8},"arguments":["LOCATION_UPGRADE_CONFIGURATION"]},"LocationUpgradeConfig":{"__symbolic":"interface"},"LocationUpgradeModule":{"__symbolic":"class","decorators":[{"__symbolic":"call","expression":{"__symbolic":"reference","module":"@angular/core","name":"NgModule","line":62,"character":1},"arguments":[{"imports":[{"__symbolic":"reference","module":"@angular/common","name":"CommonModule","line":62,"character":21}]}]}],"members":{},"statics":{"config":{"__symbolic":"function","parameters":["config"],"value":{"ngModule":{"__symbolic":"reference","name":"LocationUpgradeModule"},"providers":[{"__symbolic":"reference","module":"@angular/common","name":"Location","line":68,"character":8},{"provide":{"__symbolic":"reference","name":"$locationShim"},"useFactory":{"__symbolic":"reference","name":"ɵangular_packages_common_upgrade_upgrade_d"},"deps":[{"__symbolic":"reference","module":"@angular/upgrade/static","name":"UpgradeModule","line":72,"character":17},{"__symbolic":"reference","module":"@angular/common","name":"Location","line":72,"character":32},{"__symbolic":"reference","module":"@angular/common","name":"PlatformLocation","line":72,"character":42},{"__symbolic":"reference","name":"UrlCodec"},{"__symbolic":"reference","module":"@angular/common","name":"LocationStrategy","line":72,"character":70}]},{"provide":{"__symbolic":"reference","name":"LOCATION_UPGRADE_CONFIGURATION"},"useValue":{"__symbolic":"if","condition":{"__symbolic":"reference","name":"config"},"thenExpression":{"__symbolic":"reference","name":"config"},"elseExpression":{}}},{"provide":{"__symbolic":"reference","name":"UrlCodec"},"useFactory":{"__symbolic":"reference","name":"ɵangular_packages_common_upgrade_upgrade_b"},"deps":[{"__symbolic":"reference","name":"LOCATION_UPGRADE_CONFIGURATION"}]},{"provide":{"__symbolic":"new","expression":{"__symbolic":"reference","module":"@angular/core","name":"InjectionToken","line":53,"character":35},"arguments":["APP_BASE_HREF_RESOLVED"]},"useFactory":{"__symbolic":"reference","name":"ɵangular_packages_common_upgrade_upgrade_a"},"deps":[{"__symbolic":"reference","name":"LOCATION_UPGRADE_CONFIGURATION"},[{"__symbolic":"new","expression":{"__symbolic":"reference","module":"@angular/core","name":"Inject","line":79,"character":54},"arguments":[{"__symbolic":"reference","module":"@angular/common","name":"APP_BASE_HREF","line":79,"character":61}]},{"__symbolic":"new","expression":{"__symbolic":"reference","module":"@angular/core","name":"Optional","line":79,"character":81}}]]},{"provide":{"__symbolic":"reference","module":"@angular/common","name":"LocationStrategy","line":82,"character":19},"useFactory":{"__symbolic":"reference","name":"ɵangular_packages_common_upgrade_upgrade_c"},"deps":[{"__symbolic":"reference","module":"@angular/common","name":"PlatformLocation","line":85,"character":12},{"__symbolic":"new","expression":{"__symbolic":"reference","module":"@angular/core","name":"InjectionToken","line":53,"character":35},"arguments":["APP_BASE_HREF_RESOLVED"]},{"__symbolic":"reference","name":"LOCATION_UPGRADE_CONFIGURATION"}]}]}}}},"AngularJSUrlCodec":{"__symbolic":"class","members":{"encodePath":[{"__symbolic":"method"}],"encodeSearch":[{"__symbolic":"method"}],"encodeHash":[{"__symbolic":"method"}],"decodePath":[{"__symbolic":"method"}],"decodeSearch":[{"__symbolic":"method"}],"decodeHash":[{"__symbolic":"method"}],"normalize":[{"__symbolic":"method"},{"__symbolic":"method"},{"__symbolic":"method"}],"areEqual":[{"__symbolic":"method"}],"parse":[{"__symbolic":"method"}]}},"UrlCodec":{"__symbolic":"class","members":{"encodePath":[{"__symbolic":"method"}],"decodePath":[{"__symbolic":"method"}],"encodeSearch":[{"__symbolic":"method"}],"decodeSearch":[{"__symbolic":"method"}],"encodeHash":[{"__symbolic":"method"}],"decodeHash":[{"__symbolic":"method"}],"normalize":[{"__symbolic":"method"},{"__symbolic":"method"}],"areEqual":[{"__symbolic":"method"}],"parse":[{"__symbolic":"method"}]}}},"origins":{"ɵangular_packages_common_upgrade_upgrade_a":"./upgrade","ɵangular_packages_common_upgrade_upgrade_b":"./upgrade","ɵangular_packages_common_upgrade_upgrade_c":"./upgrade","ɵangular_packages_common_upgrade_upgrade_d":"./upgrade","$locationShim":"./upgrade","$locationShimProvider":"./upgrade","LOCATION_UPGRADE_CONFIGURATION":"./upgrade","LocationUpgradeConfig":"./upgrade","LocationUpgradeModule":"./upgrade","AngularJSUrlCodec":"./upgrade","UrlCodec":"./upgrade"},"importAs":"@angular/common/upgrade"}